Perimeter,DimA,DimB,Roundness,AspectRatio,Area,MeanH,MeanS,MeanV,SeedType
1.307098288,-1.513516144,2.764306622,-0.095859931,-3.666272356,-0.095859931,-1.405555849,-0.365144135,2.629527369,ExtraneousMatter
2.741892652,6.125752611,-0.131104692,3.415818825,9.199177276,1.789805117,-1.007700451,0.480614193,-0.555336416,ExtraneousMatter
7.411616601,1.930212564,10.35327652,5.802526075,-3.52982278,4.176512367,-0.803250525,0.755384781,0.896852675,ExtraneousMatter
2.949885414,-0.063632664,4.063441702,4.415824214,-3.293503524,2.789810507,-1.369336085,0.308091172,0.026024603,ExtraneousMatter
7.632074979,3.705028706,9.255647824,10.83373822,-3.094059311,9.207724513,-1.200304855,0.391109574,-0.38053126,ExtraneousMatter
3.770246269,-0.127251373,5.752393929,5.498990135,-3.569941023,3.872976427,-1.149353649,0.733310735,-0.309280044,ExtraneousMatter
4.72095853,-0.050312183,7.463524938,4.220396966,-3.711285813,2.594383258,-1.462341521,0.13705882,0.161673499,ExtraneousMatter
8.439970229,-0.502997604,5.526804268,0.309772979,-3.655165827,-1.316240728,-1.460611875,-1.209100176,5.625166855,ExtraneousMatter
1.413373894,-0.513464646,2.423543008,3.0519915,-3.071801825,1.425977793,-1.142719546,0.558369709,-0.167137139,ExtraneousMatter
4.833680909,-0.010702882,7.195755033,6.482363418,-3.680361603,4.856349711,-1.279991745,0.615255105,-0.687355133,ExtraneousMatter
6.993137959,-0.500014963,4.477405674,0.241165541,-3.522824996,-1.384848167,-0.727130227,-0.950723376,3.658138479,ExtraneousMatter
2.043798868,-0.511218052,3.371558919,2.459472715,-3.328450951,0.833459007,-1.370061243,0.70053606,-0.384421433,ExtraneousMatter
7.632502772,7.525523119,-0.19463837,0.116424744,12.01381896,-1.509588964,-0.301961224,-0.887638277,2.455883978,ExtraneousMatter
0.322038373,0.808853882,0.162534924,2.286264937,0.321254671,0.660251229,0.113480474,0.835378675,-0.668469492,BlackPure
0.206864073,0.684898341,0.084655649,2.035281978,0.386655366,0.40926827,-1.234635916,1.007464933,-0.918680718,BlackPure
0.351462999,0.808853882,0.162534924,2.336883348,0.321254671,0.710869641,0.190314406,1.687694215,-0.521234266,BlackPure
0.378363395,0.859501813,0.177514304,2.30102864,0.342066363,0.675014932,-0.520711161,1.511637572,-0.155334867,BlackPure
0.1297327,0.436987257,0.006776374,1.927717852,0.290734346,0.301704145,-1.331644587,1.161008073,-0.334176264,BlackPure
0.443306697,0.953094014,0.236176618,2.42968377,0.296560693,0.803670063,1.321199873,1.148789622,-1.059261017,BlackPure
0.301232007,0.808853882,0.084655649,2.290483138,0.546523732,0.66446943,-1.417781714,1.516040107,-0.355948224,BlackPure
0.194676005,0.560942799,0.006776374,1.955136159,0.458596131,0.329122451,-1.011397056,0.479959812,-0.681289092,BlackPure
0.215482354,0.313031715,0.2404142,2.140737002,-0.468292852,0.514723295,0.030230061,0.768721427,-0.606957932,BlackPure
0.322038358,0.932809424,0.084655649,2.244082927,0.706392098,0.618069219,-1.307710777,1.57578993,0.000818546,BlackPure
0.39916974,0.637074531,0.43473059,2.436011072,-0.509751728,0.809997364,0.639445234,1.40365417,-0.527574621,BlackPure
0.372269353,0.868863609,0.152327111,2.29891954,0.423928751,0.672905832,-1.380185764,1.448580196,-0.269163227,BlackPure
0.322038355,1.056764966,0.006776374,2.227210123,1.130043267,0.601196415,-0.410489777,0.026831496,-1.247012512,BlackPure
0.413882065,1.115040922,0.215265497,2.438120172,0.545701345,0.812106465,-0.869329265,1.966838443,0.187086218,BlackPure
0.413882071,0.808853882,0.39617275,2.606848212,-0.246423363,0.980834504,-1.360816011,1.57109861,-0.425777883,BlackPure
0.313420087,0.758542445,0.190624404,2.197682716,0.184009537,0.571669008,-0.74494457,-0.023990567,-0.973712552,BlackPure
0.156633091,0.637074531,0.037622646,1.883426742,0.465159243,0.257413034,-0.895191961,-0.568433354,-1.023825728,BlackPure
0.227670437,0.603962956,0.215265497,2.056372983,-0.064700574,0.430359275,0.326136126,1.370205652,-0.549516642,BlackPure
0.307326048,0.932809424,0.084655649,2.241973826,0.706392098,0.615960118,-1.407956235,1.098600928,-0.400499161,BlackPure
0.342844731,1.056764966,0.084655649,2.218773721,0.866260464,0.592760013,-0.355557371,1.247310144,-0.27289976,BlackPure
0.390551463,1.056764966,0.162534924,2.284155836,0.626457915,0.658142128,-0.902625276,0.984861987,-0.673316702,BlackPure
0.271807381,0.808853882,0.084655649,2.117536897,0.546523732,0.491523189,-1.221451069,0.570481353,-0.691861251,BlackPure
0.357557028,0.932809424,0.162534924,2.402265464,0.473856293,0.776251756,-1.012811251,1.248542996,-0.402748588,BlackPure
0.342844728,0.808853882,0.2404142,2.332665147,0.115574224,0.70665144,-1.344271814,1.712304032,0.136766357,BlackPure
0.363651076,0.736192712,0.420936631,2.450774775,-0.376437769,0.824761067,-1.260875212,1.365999872,-0.492002202,BlackPure
0.378363392,0.906088347,0.210106554,2.330556047,0.309926273,0.704542339,1.181756141,1.036387486,-0.921089008,BlackPure
0.315944329,0.684898341,0.162534924,2.317901444,0.168653049,0.691887736,-1.254286368,1.036875956,-0.350499512,BlackPure
0.470207099,0.807854111,0.468803349,2.60052091,-0.397179007,0.974507203,-0.473111054,1.418668118,-0.107445465,BlackPure
0.313420102,0.932809424,0.162534924,2.341101549,0.473856293,0.715087842,-0.731316324,1.198963792,-0.712240213,BlackPure
0.537674624,1.056764966,0.2404142,2.575211704,0.407507762,0.949197997,1.072417288,1.056930018,-1.372093509,BlackPure
0.357557031,0.808853882,0.2404142,2.406483665,0.115574224,0.780469957,0.042081374,0.965927504,-0.904718015,BlackPure
0.257095062,0.684898341,0.162534924,2.195573615,0.168653049,0.569559908,0.557511378,0.697244444,-1.0808196,BlackPure
0.263189098,0.209274841,0.486742524,2.189246314,-1.052159927,0.563232606,0.171458083,0.550210048,-1.039401283,BlackPure
0.422500342,0.932809424,0.2404142,2.530920594,0.261540993,0.904906886,0.258583457,1.000867159,-0.93898806,BlackPure
0.227670437,0.684898341,0.162534924,2.090118591,0.168653049,0.464104883,-0.673598987,1.221253987,-0.137139994,BlackPure
0.206864082,0.560942799,0.162534924,2.106991395,0.016051427,0.480977687,0.409186626,0.857946612,-0.652207405,BlackPure
0.30123201,0.808853882,0.084655649,2.235646525,0.546523732,0.609632817,1.937487371,0.844950486,-1.172765433,BlackPure
0.34893876,0.035227117,0.762087342,2.326337846,-1.610557524,0.700324138,0.805639363,1.407326982,-1.884636733,BlackPure
0.328132394,1.056764966,0.084655649,2.182919012,0.866260464,0.556905305,1.548659011,0.575853178,-1.226195131,BlackPure
0.35755704,0.808853882,0.2404142,2.406483665,0.115574224,0.780469957,0.538427446,1.141776847,-0.983197219,BlackPure
0.301244198,0.530479149,0.318293475,2.30187649,-0.387114299,0.675862782,-0.366947741,0.679168114,-0.937728895,BlackPure
0.251477381,0.65338422,0.162534924,2.198188359,0.129856026,0.572174652,-0.023604906,0.534833677,-1.139428385,BlackPure
0.187134206,0.530479149,0.162534924,2.042656164,-0.021452362,0.416642457,-0.507902204,1.258173461,-0.811629525,BlackPure
0.272091463,0.407574078,0.39617275,2.268696288,-0.681156933,0.64268258,-0.450557465,0.66921528,-0.918307696,BlackPure
0.257515098,0.65338422,0.162534924,2.146344294,0.129856026,0.520330587,-0.421822433,1.106896981,-0.670578111,BlackPure
0.260016017,0.530479149,0.162534924,2.202335885,-0.021452362,0.576322177,-0.319337292,0.608206652,-1.291547053,BlackPure
0.371625112,0.94691465,0.190624404,2.355794317,0.412173841,0.72978061,-0.219220165,0.631807967,-0.877602509,BlackPure
0.251477375,0.835790461,0.062720901,2.028139826,0.649108802,0.402126118,-0.346047602,0.672564973,-0.288536548,BlackPure
0.309782837,0.899194362,0.006776374,2.152565582,0.916659643,0.526551874,-0.484931858,1.106130138,-0.600070009,BlackPure
0.222324652,0.530479149,0.2404142,2.177450733,-0.212232503,0.551437026,-0.255987999,0.430673766,-0.299823064,BlackPure
0.272091472,0.776289291,0.162534924,2.11109033,0.281164414,0.485076622,-0.111774389,0.56455079,-0.823237293,BlackPure
0.207748284,0.264121212,0.364767757,2.125606668,-0.777994301,0.499592961,-0.345688875,1.099024057,-0.563295913,BlackPure
0.263552842,0.181791428,0.486742524,2.252106187,-1.080611077,0.626092479,-0.181899741,0.313698118,-0.823373948,BlackPure
0.321858283,0.782231677,0.150099915,2.223073511,0.322825323,0.597059803,-0.228442354,0.858034142,-0.222164095,BlackPure
0.210249191,0.530479149,0.084655649,2.077910128,0.187497317,0.451896421,-0.05520731,0.479084266,-1.316267174,BlackPure
0.251477378,0.899194362,0.006776374,1.994959624,0.916659643,0.368945917,-0.579408021,1.28672026,-0.189833724,BlackPure
0.351011021,0.899194362,0.162534924,2.30187649,0.432472802,0.675862782,-0.168659606,0.638094536,-0.896395744,BlackPure
0.239401924,0.407574078,0.162534924,2.094500229,-0.172760749,0.468486522,-0.291133114,0.334696567,-0.846080724,BlackPure
0.251477372,0.899194362,0.006776374,2.11109033,0.916659643,0.485076622,-0.206038308,0.492452593,-0.64298131,BlackPure
0.151943735,0.530479149,0.084655649,1.928599221,0.187497317,0.302585513,-0.420784471,0.737944534,-0.32952171,BlackPure
0.230863288,0.65338422,0.084655649,2.127680431,0.346010866,0.501666723,-0.554123196,1.070213532,-0.750005105,BlackPure
0.166520106,0.407574078,0.162534924,1.992885862,-0.172760749,0.366872154,-0.587766233,1.545664584,-0.164562568,BlackPure
0.301244192,0.782231677,0.130373365,2.189893309,0.378351949,0.563879601,-0.291124771,0.590063499,-0.950599853,BlackPure
0.11675328,0.284669006,0.162534924,1.926525458,-0.324069137,0.300511751,0.179676257,-0.1816166,-1.075522453,BlackPure
0.166520106,0.530479149,0.084655649,1.992885862,0.187497317,0.366872154,-0.51671344,1.096595917,-0.404480077,BlackPure
0.380163747,0.776289291,0.2404142,2.40556462,0.077227022,0.779550912,-0.222855274,0.916996416,-0.706999014,BlackPure
0.181096465,0.530479149,0.084655649,2.032287351,0.187497317,0.406273643,-0.517665658,1.364062045,-0.133074688,BlackPure
0.421391925,1.022099433,0.2404142,2.484367599,0.366686547,0.858353891,-0.246487112,1.171426267,-1.044015698,BlackPure
0.236901014,0.405927634,0.259360561,2.146344294,-0.401296067,0.520330587,-0.459372589,1.483672656,-0.85770792,BlackPure
0.286667833,0.530479149,0.318293475,2.299802727,-0.387114299,0.673789019,-0.047742898,0.508034967,-0.994986254,BlackPure
0.371625106,1.022099433,0.162534924,2.268696288,0.58378119,0.64268258,-0.029266742,0.732214911,-1.125389436,BlackPure
0.181096456,0.530479149,0.084655649,2.040582402,0.187497317,0.414568694,-0.525973901,1.069191923,-0.73838193,BlackPure
0.172557832,0.284669006,0.318293475,2.094500229,-0.66451301,0.468486522,-0.501863819,0.896290968,-0.974036104,BlackPure
0.286667836,0.65338422,0.2404142,2.225147273,-0.06750274,0.599133566,-0.650506595,1.837464332,-0.730933022,BlackPure
0.257515098,0.530479149,0.318293475,2.237589849,-0.387114299,0.611576141,-0.154392933,0.814756219,-1.000161213,BlackPure
0.201710555,0.65338422,0.084655649,2.069615078,0.346010866,0.44360137,-0.170587672,0.420135257,-1.511603197,BlackPure
0.187134188,0.328196911,0.210106554,2.021918538,-0.382295859,0.39590483,-0.442153713,1.346924777,-1.241186173,BlackPure
0.357048738,0.825529602,0.267300856,2.270770051,0.068004352,0.644756343,-0.552714709,1.792628343,-0.645747222,BlackPure
0.213392543,0.471075031,0.276291169,2.106712291,-0.363227188,0.480698583,-0.549878164,1.132181584,-0.258222933,BlackPure
0.178912448,0.471075031,0.20016199,2.064777734,-0.187306822,0.438764026,-0.651727598,1.294281244,-0.135188154,BlackPure
0.152798629,0.471075031,0.047903631,1.954949131,0.214796873,0.328935423,-0.519296234,1.293808742,-0.265949404,BlackPure
0.270521031,0.833644991,0.047903631,2.178600104,0.693161612,0.552586396,-0.502897264,0.857538559,-0.957607253,BlackPure
0.221758807,0.591931684,0.124032811,2.13866243,0.156813268,0.512648722,-0.335845871,0.713874454,-0.925182189,BlackPure
0.305001114,1.075358297,-0.028225548,2.120690477,1.283144791,0.494676769,-0.089106553,0.484410146,-0.80282844,BlackPure
0.290718994,0.833644991,0.124032811,2.166618802,0.461227193,0.540605094,-0.469894415,1.168475945,-0.201326953,BlackPure
0.167080751,0.712788338,-0.104354727,1.928989643,1.054033258,0.302975935,-0.439168448,1.407389866,-0.639230829,BlackPure
0.124234378,0.591931684,-0.028225548,1.903030155,0.613434156,0.277016447,-0.209380642,0.610017832,-0.998000163,BlackPure
0.089754285,0.229361724,0.124032811,1.913014573,-0.29980762,0.287000866,-0.634147515,0.798957382,-0.60771988,BlackPure
0.241956783,0.591931684,0.20016199,2.162625034,-0.041717553,0.536611327,-0.252471941,0.915146561,-0.900950713,BlackPure
0.38232758,0.833644991,0.20016199,2.440191867,0.249460984,0.814178159,-0.395196733,1.786097361,-0.620513972,BlackPure
0.158714481,0.591931684,0.047903631,1.988896154,0.374251786,0.362882446,-0.65091652,1.690128046,-0.467308619,BlackPure
0.24195678,0.591931684,0.20016199,2.210550243,-0.041717553,0.584536535,-0.435235674,1.620272491,-0.806662539,BlackPure
0.15871447,0.712788338,-0.028225548,1.885058202,0.780861815,0.259044494,-0.37813157,0.728811158,-1.018802277,BlackPure
0.187278718,0.471075031,0.124032811,2.104715407,0.004606305,0.4787017,-0.708262921,1.811967395,-0.56120496,BlackPure
0.379877151,0.833644991,0.352420348,2.442188751,-0.123247543,0.816175043,-0.713502628,1.529883283,-1.022140074,BlackPure
0.256238902,0.591931684,0.20016199,2.224528429,-0.041717553,0.598514721,-0.687046795,2.186861538,-0.389678107,BlackPure
0.158714476,0.471075031,0.124032811,2.004871223,0.004606305,0.378857515,-0.468141461,1.250357268,-1.304691479,BlackPure
0.34539705,0.954501644,0.124032811,2.2524848,0.613434156,0.626471093,-0.714275988,1.700750572,-0.957149995,BlackPure
0.221758813,0.471075031,0.20016199,2.174606337,-0.187306822,0.548592629,-0.613244178,2.322073114,-0.564323761,BlackPure
-0.001854283,0.350218378,-0.028225548,1.703341786,0.278578838,0.077328078,-0.321873703,1.203549733,-0.875090666,BlackPure
0.305001117,0.954501644,0.047903631,2.216540894,0.852616526,0.590527186,-0.147713826,1.158352681,-1.072760513,BlackPure
0.290718997,0.591931684,0.276291169,2.254481684,-0.223704139,0.628467976,-0.622311538,2.154247757,-0.872454578,BlackPure
0.22175881,0.471075031,0.20016199,2.090737222,-0.187306822,0.464723514,-0.277205752,1.729016655,-1.383076313,BlackPure
0.233590504,0.284842232,0.434396981,2.170612569,-0.883346013,0.544598861,-0.253012351,1.512348906,-1.356981525,BlackPure
0.227674666,0.591931684,0.20016199,2.096727873,-0.041717553,0.470714165,-0.407090098,2.229432749,-0.301608256,BlackPure
0.15871447,0.591931684,0.047903631,1.94895848,0.374251786,0.322944772,-0.400244083,2.16663846,-0.708885458,BlackPure
0.463744368,0.896494228,0.397891148,2.610806975,-0.155231353,0.984793267,3.058123924,-1.893479239,-0.26822792,BlackInsectDef
0.54063184,1.10988877,0.38504714,2.842616774,0.10550755,1.216603067,0.447753166,-1.745081001,0.119893627,BlackInsectDef
-0.335550863,-0.352578295,-0.285056955,1.121723689,0.058640043,-0.504290019,-0.210655494,-0.655275649,1.628681,BlackInsectDef
-0.115643747,0.013038471,-0.061688923,1.516586144,-0.093679354,-0.109427564,-0.412883679,-0.498674008,1.842518008,BlackInsectDef
0.072415544,0.622399748,-0.210600944,1.648206962,1.344892732,0.022193254,-0.236365541,-0.378760951,5.175650964,BlackInsectDef
0.369210102,0.744272004,0.236135119,2.416322483,0.050177855,0.790308775,-0.452994016,-0.624222242,1.647394515,BlackInsectDef
0.032248926,-0.108833784,0.012767087,1.695354717,-0.46359789,0.06934101,0.352695661,-1.18046741,2.10917821,BlackInsectDef
0.258038294,0.500527493,0.087223098,1.978241252,0.141723351,0.352227544,0.046075799,-1.718798407,-0.168650585,BlackInsectDef
0.631720344,1.10988877,0.38504714,2.919231877,0.10550755,1.29321817,1.191087133,-1.605904419,-0.394868932,BlackInsectDef
0.175268558,0.378655237,0.161679108,2.070572274,-0.206263256,0.444558566,-0.793064363,-0.374659176,0.939900242,BlackInsectDef
0.355009072,0.744272004,0.161679108,2.213980031,0.244072353,0.587966323,0.519489245,-1.626779587,-0.604031677,BlackInsectDef
0.481842189,1.022099433,0.374047956,2.662178222,0.03510567,1.036164514,-0.675854476,1.486115235,0.326749923,BlackLightBrown
-0.017306116,0.161763935,-0.087917745,1.672077988,0.198141603,0.046064281,-0.672173741,2.301945347,2.610732191,BlackLightBrown
0.02375289,0.284669006,-0.010923462,1.729594184,0.136117063,0.103580477,-0.545986178,0.337863022,-0.162950388,BlackLightBrown
0.292095392,0.65338422,0.220059389,2.292431247,-0.017595926,0.666417539,-0.705022312,1.553052739,0.735233371,BlackLightBrown
0.058798941,0.284669006,0.066070822,1.809706029,-0.080335921,0.183692321,-1.031375685,1.362605927,0.488796313,BlackLightBrown
-0.145464421,-0.084046207,-0.164912029,1.380388708,0.079999623,-0.245625,-0.732804126,1.984252541,2.081379741,BlackLightBrown
0.391220597,0.776289291,0.297053673,2.477304735,-0.060293978,0.851291027,-0.47856029,1.086574643,0.062094175,BlackLightBrown
-0.03182266,0.161763935,-0.087917745,1.65359064,0.198141603,0.027576932,-0.42144772,0.522520857,1.076836966,BlackLightBrown
0.327141446,0.65338422,0.297053673,2.310918596,-0.200587579,0.684904888,-0.741535137,1.20977522,0.177481685,BlackLightBrown
-0.095901814,0.038858864,-0.087917745,1.532395798,0.020928633,-0.09361791,-0.425178701,0.940379918,1.009652932,BlackLightBrown
0.073315488,0.284669006,0.066070822,1.778893781,-0.080335921,0.152880073,-0.738628611,1.734010749,1.636907784,BlackLightBrown
0.461312689,1.022099433,0.297053673,2.501954533,0.220293224,0.875940825,-0.724126009,1.738702155,0.360245355,BlackLightBrown
0.172440687,0.65338422,-0.010923462,1.930900871,0.641174027,0.304887163,-0.609783537,1.739312751,2.841851486,BlackLightBrown
0.362187499,0.776289291,0.297053673,2.362272342,-0.060293978,0.736258635,-0.789039986,1.159368068,-0.204997495,BlackLightBrown
0.102348589,0.407574078,-0.010923462,1.869276375,0.304469384,0.243262667,-0.909093227,0.436035343,-0.223734811,BlackLightBrown
0.222003288,0.530479149,0.143065106,2.10344946,0.028983768,0.477435752,-0.441794336,-0.14336656,-0.71391612,BlackLightBrown
0.242532785,0.530479149,0.220059389,2.193832053,-0.163989249,0.567818346,-0.465946113,0.331778109,-0.196103381,BlackLightBrown
0.440783186,0.776289291,0.374047956,2.53892923,-0.234258044,0.912915523,-0.699030165,1.6545132,0.621374333,BlackLightBrown
0.70062209,1.390814647,0.45104224,3.040141797,0.25266867,1.414128089,-0.439407882,1.325949131,0.248104619,BlackLightBrown
0.286082439,0.776289291,0.066070822,2.208211103,0.561006255,0.582197395,-0.608510992,1.172211776,1.043810107,BlackLightBrown
0.461312692,1.145004504,0.220059389,2.584120527,0.567977365,0.95810682,-0.704715946,1.376203523,-0.055199111,BlackLightBrown
-0.011293172,0.284669006,-0.087917745,1.628940841,0.375354572,0.002927133,-0.844400235,1.833637875,1.100858148,BlackLightBrown
0.341657993,0.776289291,0.220059389,2.280106348,0.128797397,0.65409264,-0.545683649,2.032543749,0.920658179,BlackLightBrown
0.143407581,0.573134728,0.044385332,1.873384675,0.359947533,0.247370967,-0.665003687,0.648775254,-0.265637541,BlackLightBrown
-0.066868714,0.161763935,-0.164912029,1.589911994,0.454115892,-0.036101714,-0.583606165,2.183857661,2.335309231,BlackLightBrown
0.32112849,0.407574078,0.374047956,2.206156953,-0.638303615,0.580143245,-0.534407266,1.97902247,2.081306271,BlackLightBrown
0.490345798,1.267909576,0.143065106,2.378705541,0.947269156,0.752691833,-0.150683473,0.329536974,-0.818462174,BlackLightBrown
0.19297019,0.65338422,0.066070822,2.033608364,0.400670711,0.407594656,-0.110674201,-0.267490031,-0.541900678,BlackLightBrown
-0.172006869,-0.206951278,-0.164912029,1.444067354,-0.107058512,-0.181946354,-0.596697608,2.083308835,2.865719161,BlackLightBrown
0.228016238,1.022099433,-0.087917745,1.937063321,1.438632391,0.311049613,-0.64401127,1.023016855,-0.350332774,BlackLightBrown
0.6220264,1.407851993,0.353924249,2.83883511,0.509243762,1.212821403,-0.572839366,1.66307891,-0.215651525,BlackLightBrown
0.706635061,1.75952986,0.297053673,2.902513756,1.06205483,1.276500048,-0.535119636,1.41236166,0.583729985,BlackLightBrown
0.149420539,0.41250869,0.143502517,1.904196923,-0.119026877,0.278183215,-0.876930327,2.264634562,1.113897662,BlackLightBrown
0.487855139,1.00764163,0.480804349,2.610824476,-0.213452796,0.984810768,-0.413500031,1.492248181,0.424304617,BlackLightBrown
0.432279588,0.960646898,0.269987655,2.428005138,0.217923698,0.80199143,-0.361955371,1.069533258,-0.520439592,BlackLightBrown
0.405737135,0.899194362,0.220059389,2.495792083,0.27519072,0.869778376,-0.335529136,1.380206225,-0.302102734,BlackLightBrown
0.33315439,0.899194362,0.220059389,2.333514244,0.27519072,0.707500536,-0.625224631,0.87161777,-0.740537682,BlackLightBrown
0.263062286,0.816222404,0.120605361,2.09112456,0.449228016,0.465110853,-0.590949309,2.001716818,1.067274249,BlackLightBrown
0.236519832,0.65338422,0.066070822,2.072637212,0.400670711,0.446623504,-0.377076491,0.845530284,-1.004892628,BlackLightBrown
0.052785979,0.284669006,-0.010923462,1.807651879,0.136117063,0.181638172,-0.647477955,2.280499635,1.821876328,BlackLightBrown
0.566450852,0.899194362,0.605030807,2.762831565,-0.561342553,1.136817858,-0.175843506,0.218464634,-1.484245395,BlackLightBrown
0.514397589,0.852831694,0.43618048,2.54714583,-0.283559336,0.921132122,-0.261043393,0.876309595,-0.995072011,BlackLightBrown
0.128891036,0.530479149,0.066070822,1.916521822,0.240335167,0.290508114,-0.468144631,1.83015929,1.451673521,BlackLightBrown
0.36820044,1.022099433,0.220059389,2.39719289,0.421584043,0.771179182,-0.417808596,1.991372486,-0.254709753,BlackLightBrown
0.740915993,1.475505536,0.528036523,3.21658779,0.165931091,1.590574082,1.752304889,-1.89162099,0.243416284,BlackMouldy
0.601969954,1.10988877,0.45104224,2.903666426,-0.043335411,1.277652718,0.232154207,-1.701052086,0.22794666,BlackMouldy
0.726527664,1.475505536,0.528036523,3.092638419,0.165931091,1.466624711,2.360644007,-1.918126685,-0.642482995,BlackMouldy
0.72056782,1.597377791,0.374047956,3.155629083,0.665507304,1.529615375,1.90770105,-1.913049978,-0.093782404,BlackMouldy
0.83669704,1.841122302,0.528036523,3.287706282,0.536903526,1.661692574,1.022569556,-1.668140296,0.236779309,BlackMouldy
0.474943609,1.231761025,0.220059389,2.635448114,0.671313829,1.009434406,2.134189475,-1.8290819,0.11163723,BlackMouldy
0.796000694,1.475505536,0.605030807,3.368984558,0.002526566,1.742970851,2.27409943,-1.623681491,0.561340449,BlackMouldy
0.657054646,1.353633281,0.45104224,3.031679711,0.213491659,1.405666003,2.328245065,-1.750102313,-0.023057804,BlackMouldy
0.908638713,1.841122302,0.528036523,3.484806102,0.536903526,1.858792395,0.989503938,-1.546415984,0.374940948,BlackMouldy
0.816348861,1.340495416,0.77468591,3.312089765,-0.441801016,1.686076057,1.187904845,-1.357187988,-0.19669947,BlackMouldy
0.859513856,1.841122302,0.528036523,3.484806102,0.536903526,1.858792395,2.262959173,-1.6618372,-0.259091943,BlackMouldy
0.530028275,1.231761025,0.374047956,2.771589227,0.264857073,1.145575519,0.167954222,-0.987765769,0.257520048,BlackMouldy
0.685831309,1.353633281,0.374047956,3.05199928,0.39840715,1.425985573,0.151989092,-1.375439721,-0.68893386,BlackMouldy
0.217399692,0.622399748,0.066070822,2.099011489,0.360249985,0.472997781,1.929901275,-1.685371181,-0.797500938,BlackMouldy
0.761264183,1.597377791,0.528036523,3.375080429,0.289588569,1.749066721,0.521677267,-0.934220617,0.587660686,BlackMouldy
0.544416615,1.353633281,0.297053673,2.708598562,0.598732265,1.082584855,0.52992569,-1.307089054,-0.914516911,BlackMouldy
0.616358285,1.231761025,0.374047956,2.905698383,0.264857073,1.279684675,0.717222345,-1.443106564,-1.140987503,BlackMouldy
0.894250375,1.672537171,0.69030653,3.55186068,0.020093007,1.925846973,0.254978069,-0.767263344,0.679559641,BlackMouldy
0.804429181,1.597377791,0.528036523,3.462454576,0.289588569,1.836440869,1.007548683,-1.244903447,-0.455829587,BlackMouldy
0.581621787,1.10988877,0.297053673,2.858963374,0.320502939,1.232949666,0.270851236,-0.862064869,-0.72303718,BlackMouldy
0.636706467,1.231761025,0.45104224,3.047935367,0.085078124,1.421921659,1.002584503,-1.23869835,-1.008430935,BlackMouldy
0.712139327,1.475505536,0.528036523,3.232843445,0.165931091,1.606829738,0.757106263,-1.214768257,-0.66966141,BlackMouldy
0.706179485,1.475505536,0.45104224,3.19017235,0.341905195,1.564158643,0.37883319,-0.546268344,-0.678799609,BlackMouldy
0.68336266,1.353633281,0.45104224,2.99307253,0.213491659,1.367058822,-0.083465618,-0.144104538,0.685356402,BlackMouldy
0.564764794,1.231761025,0.45104224,2.781749011,0.085078124,1.155735303,1.478046187,-1.246674839,-0.942251507,BlackMouldy
0.53845678,1.10988877,0.374047956,2.824420106,0.131306997,1.198406399,1.360389176,-1.055655008,-1.152177994,BlackMouldy
0.573193287,1.231761025,0.374047956,2.928049909,0.264857073,1.302036201,1.562889963,-1.354744758,-1.058745344,BlackMouldy
0.434247242,0.866144259,0.297053673,2.537914182,0.042273612,0.911900474,-0.006507134,0.106119409,-0.009782369,BlackMouldy
1.131446111,2.084866813,0.913007941,4.246789944,-0.027283719,2.620776236,1.803931234,-0.941067266,-1.757915936,BlackMouldy
0.503720266,0.988016514,0.374047956,2.712662476,-0.00224308,1.086648768,1.313603299,-0.954982737,-1.580909739,BlackMouldy
0.503720269,0.988016514,0.374047956,2.615128544,-0.00224308,0.989114837,1.096082544,-0.872727572,-1.577445562,BlackMouldy
0.446166919,0.988016514,0.374047956,2.611064631,-0.00224308,0.985050923,1.471623784,-1.045456401,-1.991314074,BlackMouldy
0.458692446,0.899194362,0.2404142,2.548831064,0.221956784,0.922817356,0.65718449,-1.786741387,1.346688227,BlackMouldy
0.593877993,1.267909576,0.318293475,2.830873846,0.445081834,1.204860138,-0.172093627,-1.17386045,0.689130962,BlackMouldy
0.735121949,1.513719718,0.39617275,3.060686482,0.517205499,1.434672775,2.084412773,-1.812146109,0.538011526,BlackMouldy
0.529314425,1.022099433,0.39617275,2.832963051,-0.015400026,1.206949344,0.583865913,-1.723753529,-0.040935365,BlackMouldy
0.785059231,1.636624789,0.474052026,3.277963885,0.455751016,1.651950177,0.920411276,-1.768463133,1.37889042,BlackMouldy
0.847113308,1.75952986,0.551931301,3.432565113,0.398848716,1.806551405,0.86420479,-1.606677634,-0.056969173,BlackMouldy
0.770432934,1.390814647,0.629810576,3.221555328,-0.129529781,1.595541621,0.772123931,-1.613399255,0.996081658,BlackMouldy
0.643815269,1.390814647,0.318293475,2.943690958,0.58378119,1.317677251,0.486547844,-1.612158834,0.219468118,BlackMouldy
0.691243082,1.267909576,0.474052026,3.046062042,0.071660493,1.420048334,0.704845594,-1.237226226,1.16237113,BlackMouldy
0.444066158,1.022099433,0.162534924,2.504957742,0.58378119,0.878944035,0.650165368,-0.980700121,0.816924718,BlackMouldy
0.735121943,1.390814647,0.551931301,3.282142296,0.028983768,1.656128589,0.060501032,-1.477949812,-0.578383545,BlackMouldy
0.379502593,0.899194362,0.2404142,2.48615489,0.221956784,0.860141182,1.308709499,-1.595744964,0.086507033,BlackMouldy
0.80574392,1.636624789,0.551931301,3.315569589,0.2755604,1.689555881,0.686976113,-1.240606773,0.194898264,BlackMouldy
-0.046738752,0.038858864,-0.071102902,1.564815137,-0.029415961,-0.061198571,0.242518166,-1.012196162,1.52646188,BlackMouldy
0.811802329,1.636624789,0.629810576,3.376156557,0.108240542,1.750142849,0.697520629,-1.45251569,0.203777297,BlackMouldy
0.664499987,1.267909576,0.474052026,3.094113775,0.071660493,1.468100067,0.097861519,-0.889757698,0.328158295,BlackMouldy
0.429439866,0.776289291,0.39617275,2.519582183,-0.281702789,0.893568475,0.322150805,-1.162858127,0.412637955,BlackMouldy
0.514688152,0.899194362,0.474052026,2.759840849,-0.312430031,1.133827141,0.164933952,-1.045124924,-0.55662258,BlackMouldy
0.549999122,1.11279856,0.405883443,2.732681173,0.060566263,1.106667466,0.966951015,-1.226201783,-0.351506497,BlackMouldy
0.400187278,0.899194362,0.318293475,2.469441244,0.028983768,0.843427536,0.751499897,-1.406634158,-0.495510109,BlackMouldy
0.599936402,1.145004504,0.39617275,2.774465289,0.117751355,1.148451582,1.309114029,-1.143109948,-0.768054989,BlackMouldy
0.294254313,0.776289291,0.162534924,2.199933697,0.281164414,0.573919989,0.723854709,-1.239504416,-0.779032327,BlackMouldy
0.755806643,1.513719718,0.474052026,3.152611537,0.327720841,1.52659783,0.487450881,-0.900628976,0.688927982,BlackMouldy
0.25037544,0.456606274,0.312606125,2.164417199,-0.458458423,0.538403491,0.617581379,-0.951502144,-0.305194216,BlackMouldy
0.782549744,1.882434931,0.39617275,3.188128036,0.916659643,1.562114328,1.05086631,-1.11732759,-0.686356442,BlackMouldy
0.35881789,0.65338422,0.318293475,2.436013951,-0.248414943,0.810000244,1.686605692,-1.298321773,-0.902151961,BlackMouldy
-0.748916195,-1.252722497,-0.594268386,0.630642982,-0.48195792,-0.995370725,-0.965885927,0.950817584,-0.894444729,Pinheads
-0.293993358,-0.438249695,-0.202172425,1.130808106,-0.34994848,-0.495205601,-0.564374848,0.305092196,-1.52485815,Pinheads
-0.66422141,-0.743852378,-0.594268386,0.700231173,0.640167135,-0.925782534,-0.343521546,1.265725733,-0.181711742,Pinheads
-0.606901949,-1.234640354,-0.310785644,0.754596948,-1.349054553,-0.87141676,2.916317731,0.060339764,-1.755260795,Pinheads
-0.598131514,-0.760700001,-0.50464014,0.771993996,0.173588502,-0.854019712,-0.135983255,0.650244976,-0.59426162,Pinheads
-0.46852053,-0.96281657,-0.198056236,0.952488366,-1.180238266,-0.673525341,-0.29441717,0.685153071,-0.597785064,Pinheads
-0.700367178,-0.998287438,-0.514556657,0.685008757,-0.26616464,-0.941004951,-1.547576681,0.497944861,-1.050277208,Pinheads
-0.670423044,-0.871069908,-0.594268386,0.732850638,0.359635871,-0.89316307,-1.559780457,0.868764702,0.01662274,Pinheads
-0.444778039,-0.489417319,-0.434844929,0.998155617,0.399711766,-0.627858091,0.510870706,1.032015931,-0.166118122,Pinheads
-0.613103586,-0.871069908,-0.434844929,0.795914936,-0.32165434,-0.830098771,-0.984402024,0.771868356,-0.312105215,Pinheads
-0.772658695,-1.125504968,-0.594268386,0.584975732,-0.201426656,-1.041037976,-0.861377794,-0.010212302,-0.806813766,Pinheads
-0.721540868,-0.998287438,-0.594268386,0.663262447,0.079104608,-0.962751261,2.418480468,0.522328809,-1.049054547,Pinheads
-0.532041625,-0.871069908,-0.3551332,0.869852389,-0.594170425,-0.756161318,-0.098732801,0.361254911,-0.492961104,Pinheads
-0.525839991,-0.743852378,-0.3551332,0.89377333,-0.369745414,-0.732240378,0.257456697,0.863750976,-0.228502831,Pinheads
-0.685395106,-0.998287438,-0.514556657,0.713278959,-0.26616464,-0.912734748,0.266759438,0.702115035,-0.662392723,Pinheads
-0.700367172,-0.998287438,-0.514556657,0.663262447,-0.26616464,-0.962751261,6.126971105,-0.489470977,-1.026838036,Pinheads
-0.561985753,-0.871069908,-0.3551332,0.878550913,-0.594170425,-0.747462794,-0.400325559,0.737148442,-0.558793758,Pinheads
-0.808804457,-1.125504968,-0.673980115,0.556705529,0.181115976,-1.069308178,-1.342130833,0.641594084,0.019305384,Pinheads
-0.685395106,-0.871069908,-0.594268386,0.661087816,0.359635871,-0.964925892,0.305086121,0.858234086,-0.77158451,Pinheads
-0.634277285,-0.871069908,-0.514556657,0.78286715,-0.007212704,-0.843146557,0.156117399,0.801233746,0.066430376,Pinheads
-0.555784122,-1.054727598,-0.198056236,0.815486615,-1.323551711,-0.810527093,0.660670399,0.625543506,-1.006913297,Pinheads
-0.902269673,-1.379940027,-0.753691844,0.465371028,-0.033107898,-1.160642679,3.19109741,-0.328621502,-0.790987379,Pinheads
-0.778860323,-1.125504968,-0.673980115,0.565404053,0.181115976,-1.060609655,-0.726635769,0.141397255,0.040349599,Pinheads
-0.523271189,-0.743852378,-0.514556657,0.84810608,0.251739231,-0.777907628,2.931810983,0.068835203,-1.246753045,Pinheads
-0.742714564,-0.998287438,-0.673980115,0.606722042,0.487150082,-1.019291666,0.610791237,0.022342406,-0.444851775,Pinheads
-0.989533262,-1.507157557,-0.833403573,0.393608206,0.079104608,-1.232405502,1.114042046,-0.541427956,-0.555774481,Pinheads
-0.938415435,-1.507157557,-0.753691844,0.437100826,-0.369745414,-1.188912882,-1.498473865,-0.093543577,0.3279282,Pinheads
-0.983331632,-1.507157557,-0.753691844,0.400132099,-0.369745414,-1.225881609,-1.714257403,-0.552716074,-0.171795098,Pinheads
-0.874894353,-1.501865997,-0.53624446,0.497990493,-1.224545426,-1.128023215,1.56513997,0.536842201,-0.2040488,Pinheads
-0.393660211,-0.489417319,-0.3551332,1.085140856,0.079104608,-0.540872852,-0.657125472,-0.408080855,-0.574453293,Pinheads
-0.540812057,-1.054727598,-0.198056236,0.891598699,-1.323551711,-0.734415009,-0.369142672,0.419726134,-0.186082542,Pinheads
-0.658019789,-1.234640354,-0.365809091,0.702405804,-1.206952858,-0.923607903,-1.155066922,-0.047346054,0.411555107,Pinheads
-0.911040109,-1.379940027,-0.753691844,0.421878409,-0.033107898,-1.204135299,-1.02085767,-0.395415724,0.029327893,Pinheads
-0.444778036,-0.489417319,-0.434844929,0.967710783,0.399711766,-0.658302924,7.260164076,-0.744304832,-1.499244999,Pinheads
-0.525839991,-0.616634849,-0.434844929,0.885074806,0.159256397,-0.740938901,-0.116694304,1.283470499,-0.835186424,Pinheads
-0.763888257,-1.252722497,-0.594268386,0.611071304,-0.48195792,-1.014942404,-0.798169914,0.255593624,0.550516714,Pinheads
-0.568187383,-0.616634849,-0.594268386,0.771993996,0.920698399,-0.854019712,-1.666611839,-0.325112016,0.010523716,Pinheads
-1.019477397,-1.507157557,-0.833403573,0.350115587,0.079104608,-1.275898121,-1.510034663,-0.34731988,0.566386449,Pinheads
-0.802602827,-1.181452721,-0.641955589,0.532784589,-0.1104815,-1.093229119,-0.2115481,-1.095253761,-0.414103077,Pinheads
-0.598131517,-0.871069908,-0.434844929,0.824185139,-0.32165434,-0.801828569,-1.668937984,-0.659714369,-0.049005316,Pinheads
-0.685395112,-0.998287438,-0.514556657,0.713278959,-0.26616464,-0.912734748,-0.86959379,-0.800668327,-0.40857252,Pinheads
-0.576957818,-0.837652852,-0.423515052,0.776343258,-0.300211045,-0.84967045,-1.783819534,-0.527213188,-0.024492912,Pinheads
-0.561985759,-0.616634849,-0.514556657,0.800264198,0.510691167,-0.825749509,-1.28254661,0.094538477,-1.192393765,Pinheads
-0.51963836,-1.054727598,-0.198056236,0.900297223,-1.323551711,-0.725716485,0.629385873,-0.967245946,-0.234238389,Pinheads
-0.408632274,-0.489417319,-0.3551332,1.009028772,0.079104608,-0.616984936,0.210435031,0.384410188,-0.850653606,Pinheads
-0.429805967,-0.743852378,-0.275421471,0.991631724,-0.622223551,-0.634381984,-0.661525567,-0.639736488,-0.381296862,Pinheads
-0.670423047,-0.998287438,-0.514556657,0.750247686,-0.26616464,-0.875766022,1.539562288,-0.916369907,-0.969242369,Pinheads
-0.838748585,-1.125504968,-0.753691844,0.495815862,0.640167135,-1.130197846,-1.045202762,-0.704851994,0.727893128,Pinheads
-0.438576411,-0.576789311,-0.336676251,0.978583938,-0.140918691,-0.64742977,-0.552412829,-0.706203688,-0.511057928,Pinheads
-0.649249348,-0.871069908,-0.514556657,0.732850638,-0.007212704,-0.89316307,-0.008053233,-1.021415703,-0.563852587,Pinheads
-0.474722167,-0.489417319,-0.434844929,0.954662997,0.399711766,-0.67135071,-0.601252612,1.014186148,-0.28343481,Pinheads
-0.583159452,-0.743852378,-0.514556657,0.80461346,0.251739231,-0.821400248,-1.375927581,-0.502088247,0.066364464,Pinheads
-0.787630764,-1.504509488,-0.367150348,0.591499625,-1.684234764,-1.034514083,-0.051666035,0.292347181,-0.026549643,Pinheads
-0.568187383,-0.743852378,-0.514556657,0.811137353,0.251739231,-0.814876355,-0.755704545,0.350730128,-0.290066228,Pinheads
-0.561985753,-0.871069908,-0.3551332,0.835058294,-0.594170425,-0.790955414,6.245825055,-1.28904692,-1.124278182,Pinheads
-0.634277279,-0.871069908,-0.514556657,0.743723793,-0.007212704,-0.882289915,-1.56384365,-0.743648741,-0.047932477,Pinheads
-0.808804454,-1.252722497,-0.594268386,0.582801101,-0.48195792,-1.043212607,-1.72772728,-0.175963805,0.783718569,Pinheads
-0.561985756,-0.616634849,-0.514556657,0.852455342,0.510691167,-0.773558366,-1.83052341,-0.060882203,0.271001529,Pinheads
-0.293993358,-0.784858465,0.083767284,1.230841131,-1.507348056,-0.395172577,-1.415823006,-0.678730106,-1.192951937,Pinheads
-0.917241739,-1.161896945,-0.862790238,0.397957468,1.329301828,-1.22805624,-1.290966023,0.613549507,0.027247302,Pinheads
-0.983331638,-1.507157557,-0.753691844,0.417529147,-0.369745414,-1.208484561,-1.759359617,-0.31697268,-0.655963279,Pinheads
-0.568187386,-0.871069908,-0.514556657,0.793740305,-0.007212704,-0.832273402,-1.253769999,-0.118209897,-1.308658208,Pinheads
-0.402430646,-0.743852378,-0.195709742,1.02860045,-0.844998378,-0.597413257,-1.188965164,0.282581255,-0.208984313,Pinheads
-0.685395109,-0.998287438,-0.514556657,0.708929697,-0.26616464,-0.91708401,-1.428516072,0.053277777,0.758429148,Pinheads
-0.468520536,-0.616634849,-0.3551332,0.922043533,-0.145320403,-0.703970175,-1.570062732,-0.623466049,-0.519238934,Pinheads
-0.917241742,-1.379940027,-0.753691844,0.476244183,-0.033107898,-1.149769525,-0.712442981,0.385529087,-0.562580913,Pinheads
-0.655450975,-0.998287438,-0.514556657,0.713278959,-0.26616464,-0.912734748,-1.027388312,-0.442577567,-0.072506322,Pinheads
-0.429805967,-0.743852378,-0.275421471,0.995980986,-0.622223551,-0.630032722,-1.322418293,-0.724102153,-0.968039618,Pinheads
-0.50209749,-0.616634849,-0.514556657,0.852455342,0.510691167,-0.773558366,0.299770415,-0.078376782,-1.671972801,Pinheads
-0.576957821,-0.743852378,-0.514556657,0.785041781,0.251739231,-0.840971926,-0.882986476,0.201672298,0.165735358,Pinheads
-0.751485002,-1.41455311,-0.423515052,0.624119089,-1.379657963,-1.001894618,1.91609732,0.066865757,-0.814685924,Pinheads
-0.402430643,-0.643567534,-0.195709742,1.054696022,-0.688898725,-0.571317686,0.819641025,0.275326216,-1.078577571,Pinheads
-0.495895863,-0.616634849,-0.434844929,0.885074806,0.159256397,-0.740938901,-1.411956139,0.169616899,0.194271222,Pinheads
-0.745283369,-1.41455311,-0.423515052,0.613245935,-1.379657963,-1.012767773,-0.564316824,0.234421415,0.172266345,Pinheads
-0.730311312,-1.41455311,-0.423515052,0.654563923,-1.379657963,-0.971449785,0.775402057,-0.487128076,-0.785284277,Pinheads
-0.604333145,-0.871069908,-0.514556657,0.761120841,-0.007212704,-0.864892867,-1.330591462,-0.217957763,-0.001030503,Pinheads
-0.387458581,-0.314167751,-0.409510862,1.061219915,0.61684973,-0.564793793,0.79074321,0.246844964,-1.767080241,Pinheads
-0.387458572,-0.489417319,-0.275421471,1.082966225,-0.201426656,-0.543047483,2.582004931,-0.267326035,-0.58372038,Pinheads
-0.917241739,-1.252722497,-0.833403573,0.437100826,0.827187977,-1.188912882,3.66176276,-0.364052384,-0.939664151,Pinheads
-0.089522052,0.043871036,-0.076142149,1.4743998,-0.007279465,-0.151613908,-0.501433522,-0.234639907,-0.692580014,Pinheads
-0.540812063,-1.054727598,-0.198056236,0.839407556,-1.323551711,-0.786606152,1.962279789,-0.736047742,-1.875587598,Pinheads
-0.655450972,-0.998287438,-0.514556657,0.717628221,-0.26616464,-0.908385486,-0.88755474,0.195379992,-0.779932044,Pinheads
-0.634277276,-0.871069908,-0.514556657,0.735025269,-0.007212704,-0.890988439,1.243457642,-0.021960258,-1.048788658,Pinheads
-0.381256938,-0.874814842,-0.085326828,1.054696022,-1.301972383,-0.571317686,-0.389360896,0.153017086,-0.185158598,Pinheads
-0.685395106,-0.856154573,-0.67036431,0.643690768,0.8075512,-0.98232294,-0.110563745,0.888976655,-0.881882951,Pinheads
-0.576957821,-0.961839937,-0.378612993,0.802438829,-0.681084439,-0.823574878,1.651595358,-0.649550222,-1.241821865,Pinheads
-0.366284882,-0.530296299,-0.2140028,1.039473605,-0.459260398,-0.586540102,0.319037116,-0.126881815,-0.953560158,Pinheads
-0.968359566,-1.507157557,-0.753691844,0.415354516,-0.369745414,-1.210659192,-1.123175489,0.036130383,-0.492194424,Pinheads
-0.742714561,-0.998287438,-0.673980115,0.624119089,0.487150082,-1.001894618,0.728990733,0.536351624,-1.033507287,Pinheads
-0.859922284,-1.379940027,-0.594268386,0.526260696,-0.762489183,-1.099753012,2.726119435,-0.354169556,-1.256735029,Pinheads
-0.480923794,-0.743852378,-0.434844929,0.878550913,-0.081198972,-0.747462794,-1.478911288,-0.530917744,-2.126990688,Pinheads
-0.706568802,-1.125504968,-0.514556657,0.695881912,-0.525116576,-0.930131796,1.225262616,-0.413282782,-1.467101023,Pinheads
-0.736512934,-1.252722497,-0.434844929,0.674135602,-1.043020447,-0.951878106,2.334414469,-0.572075923,-1.772589791,Pinheads
-0.598131514,-0.821133576,-0.491812489,0.75894621,-0.002296183,-0.867067498,0.179269427,0.415440575,-0.75461058,Pinheads
-0.736512937,-0.998287438,-0.594268386,0.617595196,0.079104608,-1.008418511,-0.404573253,-0.102339628,-1.774932126,Pinheads
-0.270250858,-0.287518882,-0.313350328,1.20692019,0.271693958,-0.419093517,-0.226609284,0.384064326,-1.968677051,Pinheads
-0.495895863,-0.96281657,-0.253196199,0.919868902,-1.043020447,-0.706144806,1.259790486,-0.191404316,-2.434896908,Pinheads
-0.664695225,-0.998287438,-0.526606105,0.73478396,-0.217420746,-0.891229748,-0.029470101,0.080072165,0.044551502,Pinheads
-0.525683661,-0.871069908,-0.369036408,0.913515194,-0.549285423,-0.712498514,-0.048383258,-0.294411089,-0.307283071,Pinheads
-0.549534275,-1.054727598,-0.213785921,0.898069285,-1.287247665,-0.727944423,-0.157378539,0.163556984,0.143001079,Pinheads
-0.540723899,-0.743852378,-0.447821256,0.871590583,-0.030279011,-0.754423124,-0.256740548,0.236755514,0.146012315,Pinheads
-0.655884849,-0.998287438,-0.605390953,0.752436428,0.131910493,-0.87357728,-0.2225021,0.472992951,0.986531415,Pinheads
-0.510643417,-0.532721752,-0.637108669,0.823046298,1.36432343,-0.80296741,-0.626383501,0.368371421,-0.164893611,Pinheads
-0.824976902,-1.252722497,-0.684175801,0.529574025,-0.074512512,-1.096439682,-0.357135514,-0.039725462,0.856460299,Pinheads
-0.722275693,-1.125504968,-0.605390953,0.679619999,-0.151921139,-0.946393709,-0.362760999,0.459113366,0.520083206,Pinheads
-0.62838487,-0.871069908,-0.526606105,0.732577402,0.044577683,-0.893436306,-0.323284252,0.153576867,0.239945751,Pinheads
-0.679735472,-0.998287438,-0.526606105,0.723751168,-0.217420746,-0.90226254,0.44727991,-0.869627879,-0.492147465,Pinheads
-0.607114761,-0.743852378,-0.526606105,0.798774155,0.306576112,-0.827239553,0.027545988,-0.493260646,0.138722417,Pinheads
-0.701005584,-0.998287438,-0.605390953,0.697272467,0.131910493,-0.928741241,-0.325448,0.442303716,1.328017556,Pinheads
-0.138729452,0.184609305,-0.403684426,1.28642357,1.508456341,-0.339590138,-0.270791248,0.231950144,-0.406268449,Pinheads
-0.794896414,-1.125504968,-0.76296065,0.560465843,0.699573756,-1.065547864,0.224874123,-0.971198273,0.012080866,Pinheads
-0.531913529,-0.743852378,-0.526606105,0.889243051,0.306576112,-0.736770657,-0.111392004,-0.40539908,-0.462448292,Pinheads
-0.897597623,-1.379940027,-0.76296065,0.489855973,0.01837784,-1.136157734,-0.040490322,-0.3653753,1.177228898,Pinheads
-0.891367752,-1.379940027,-0.684175801,0.505301882,-0.384147019,-1.120711825,-0.19558718,-0.247231048,1.014216362,Pinheads
-0.598304379,-0.871069908,-0.526606105,0.77670857,0.044577683,-0.849305137,-0.232298664,0.35839274,0.8840135,Pinheads
-0.613344623,-0.998287438,-0.447821256,0.778915129,-0.516847522,-0.847098579,0.337538507,-0.654046185,-0.770412234,Pinheads
-0.752356187,-1.125504968,-0.605390953,0.617836363,-0.151921139,-1.008177345,-0.23812073,0.308571828,0.899219229,Pinheads
-0.716045831,-0.998287438,-0.605390953,0.681826558,0.131910493,-0.94418715,-0.20683723,-0.672207067,0.918707353,Pinheads
-0.622154999,-0.961839937,-0.466980432,0.72154461,-0.377105304,-0.904469098,0.054995038,-0.419958115,0.864950453,Pinheads
-0.283970891,-0.234982259,-0.369036408,1.167269414,0.586041103,-0.458744294,-0.297579581,0.700068353,0.433972302,Pinheads
-0.34413187,-0.362199789,-0.29025156,1.136377596,0.060952585,-0.489636112,1.02197938,-1.409671956,-0.293718063,Pinheads
-0.758586055,-1.252722497,-0.605390953,0.624456038,-0.43575277,-1.00155767,-0.315441802,-0.17667011,1.439313545,Pinheads
-0.824976902,-1.125504968,-0.76296065,0.538400259,0.699573756,-1.087613449,-0.290366898,0.516375438,0.928514495,Pinheads
-0.607114758,-0.840418161,-0.466980432,0.785534804,-0.140799866,-0.840478903,-0.153651878,-0.315439646,0.920581284,Pinheads
-0.61334462,-0.998287438,-0.447821256,0.770088895,-0.516847522,-0.855924813,0.689639515,-1.108957407,-0.423124771,Pinheads
-0.292781264,-0.301551173,-0.306981254,1.167269414,0.223928122,-0.458744294,-0.314657635,-0.465089906,0.88877015,Pinheads
-0.701005581,-1.125504968,-0.526606105,0.679619999,-0.479419175,-0.946393709,0.230972254,-1.251191186,1.107037401,Pinheads
-0.658465358,-1.234640354,-0.325204522,0.741403635,-1.31305054,-0.884610072,0.185202433,-0.652811971,1.095846312,Pinheads
-0.658465355,-0.871069908,-0.605390953,0.675206882,0.415742124,-0.950806825,0.068877922,-0.090533942,-0.026887072,Pinheads
-0.876327508,-1.252722497,-0.76296065,0.498682207,0.358975798,-1.127331501,-0.003626776,-0.252369559,1.835589623,Pinheads
-0.824976908,-1.252722497,-0.684175801,0.56487896,-0.074512512,-1.061134747,0.184153808,-1.017291772,0.928483187,Pinheads
-0.634614731,-0.871069908,-0.605390953,0.743610194,0.415742124,-0.882403514,0.704246752,-0.995345345,-0.569006566,Pinheads
-0.803706793,-1.252722497,-0.605390953,0.56487896,-0.43575277,-1.061134747,-0.292128441,-0.273313875,1.445869821,Pinheads
-0.855057393,-1.252722497,-0.684175801,0.533987142,-0.074512512,-1.092026566,0.48997168,-1.237861516,0.465193108,Pinheads
-0.957758602,-1.507157557,-0.76296065,0.401593636,-0.322220118,-1.224420072,0.06775619,-0.972398624,1.783734387,Pinheads
-0.855057396,-1.252722497,-0.684175801,0.520747792,-0.074512512,-1.105265916,-0.112167155,-0.797469726,1.418330656,Pinheads
-0.504413549,-0.743852378,-0.369036408,0.917928311,-0.322220118,-0.708085397,0.057470813,-0.737638708,1.114536587,Pinheads
-0.942718355,-1.379940027,-0.841745498,0.399387077,0.510352668,-1.22662663,-0.14847622,-0.992466724,0.923172857,Pinheads
-0.912637864,-1.507157557,-0.684175801,0.443518246,-0.693781526,-1.182495462,-0.301110863,-0.168784437,2.987522183,Pinheads
-0.716045831,-1.125504968,-0.526606105,0.681826558,-0.479419175,-0.94418715,-0.592672125,1.024167951,1.614079839,Pinheads
-0.540723905,-0.616634849,-0.526606105,0.849524999,0.568574541,-0.776488709,0.101034371,-1.062370782,0.913655126,Pinheads
-0.643425111,-0.871069908,-0.605390953,0.686239674,0.415742124,-0.939774033,-0.122612975,-0.388143012,0.318888724,Pinheads
-0.773626302,-1.125504968,-0.684175801,0.613423246,0.235121995,-1.012590462,0.246197751,-1.182028021,0.613313589,Pinheads
-0.670925096,-0.998287438,-0.605390953,0.732577402,0.131910493,-0.893436306,0.471608295,-1.316893171,0.991930744,Pinheads
-0.416752584,-0.718373923,-0.241344279,0.990744739,-0.679739073,-0.635268969,-0.198688414,-0.676618609,0.467074943,Pinheads
-0.438022702,-0.489417319,-0.447821256,0.999570973,0.4562895,-0.626442735,-0.472984349,0.504921961,0.347723318,Pinheads
-0.716045828,-1.125504968,-0.526606105,0.650934739,-0.479419175,-0.975078968,-0.158806414,-0.64537172,1.926808318,Pinheads
-0.701005584,-0.998287438,-0.605390953,0.697272467,0.131910493,-0.928741241,0.494242234,-1.356324402,0.516043482,Pinheads
-0.794896417,-1.252722497,-0.684175801,0.573705194,-0.074512512,-1.052308514,0.2440641,-1.364997847,0.940724015,Pinheads
-0.39290197,-0.616634849,-0.369036408,1.081213635,-0.095154813,-0.544800073,-0.331650159,-0.337601715,-0.17055959,Pinheads
-0.737315943,-1.087713914,-0.592350086,0.602390454,-0.126681242,-1.023623254,-0.039798717,-0.982518044,1.300289101,Pinheads
-0.758586055,-1.125504968,-0.684175801,0.624456038,0.235121995,-1.00155767,-0.39070836,-0.229638752,1.071466592,Pinheads
-0.510643414,-0.743852378,-0.447821256,0.880416817,-0.030279011,-0.745596891,-0.153737544,-0.757242275,1.096442733,Pinheads
-0.906407993,-1.379940027,-0.684175801,0.498682207,-0.384147019,-1.127331501,0.320241587,-1.235621977,0.71814493,Pinheads
-0.62215499,-1.234640354,-0.268284722,0.761262661,-1.450469635,-0.864751046,-0.135966781,-0.741815398,1.372516027,Pinheads
-0.438022699,-0.362199789,-0.526606105,0.986331622,1.092571399,-0.639682086,-0.282018168,0.631586033,0.927193888,Pinheads
-0.299011138,-0.362199789,-0.29025156,1.195954674,0.060952585,-0.430059034,-0.613266292,-0.206718371,1.410265914,Pinheads
-0.643425114,-0.743852378,-0.605390953,0.73478396,0.699573756,-0.891229748,0.419222826,-0.897295993,-0.31708017,Pinheads
-0.788666543,-1.125504968,-0.684175801,0.571498636,0.235121995,-1.054515072,0.875807739,-1.323675907,0.334457383,Pinheads
-0.97902871,-1.507157557,-0.76296065,0.379528051,-0.322220118,-1.246485656,0.066179263,-1.01845017,1.266983418,Pinheads
-0.643425111,-1.099182856,-0.405715336,0.761262661,-0.845831705,-0.864751046,-0.15473094,-0.710293551,0.44416404,Pinheads
-0.752356187,-1.252722497,-0.526606105,0.613423246,-0.741417604,-1.012590462,-0.03629943,-1.174477809,0.820476643,Pinheads
-0.679735466,-0.998287438,-0.526606105,0.697272467,-0.217420746,-0.928741241,-0.38344213,-0.364828678,1.263589675,Pinheads
-0.933907978,-1.379940027,-0.841745498,0.443518246,0.510352668,-1.182495462,-0.184449362,-0.472733626,1.485625685,Pinheads
-0.788666543,-1.125504968,-0.684175801,0.580324869,0.235121995,-1.045688838,-0.259712927,0.116655076,0.557985335,Pinheads
-0.833787281,-1.41455311,-0.548041724,0.556052727,-1.003416033,-1.069960981,-0.011088064,-1.17933261,0.866954056,Pinheads
-0.840017149,-1.252722497,-0.684175801,0.531780584,-0.074512512,-1.094233124,0.186335254,-0.993716868,1.138454672,Pinheads
-0.803706793,-1.125504968,-0.684175801,0.578118311,0.235121995,-1.047895397,-0.226319096,-0.148257911,1.892844087,Pinheads
-0.891367752,-1.252722497,-0.76296065,0.474410064,0.358975798,-1.151603643,-0.36542039,0.126788069,2.016553815,Pinheads
-0.577034267,-0.743852378,-0.526606105,0.816426622,0.306576112,-0.809587085,-0.302322436,0.010977618,0.945910309,Pinheads
-0.716045825,-1.058820758,-0.576294379,0.624456038,-0.134703443,-1.00155767,-0.347793218,-0.367836774,1.03160389,Pinheads
-0.863867766,-1.504509488,-0.603751024,0.511921558,-1.003416033,-1.11409215,-0.632043219,-0.39754847,1.846386813,Pinheads
-0.731086078,-1.125504968,-0.526606105,0.657554415,-0.479419175,-0.968459293,0.176206503,-1.111594215,0.772760499,Pinheads
-0.634614741,-0.998287438,-0.526606105,0.765675778,-0.217420746,-0.860337929,-0.252330904,-0.296870013,0.91111162,Pinheads
-0.737315943,-1.125504968,-0.605390953,0.637695389,-0.151921139,-0.988318319,0.011293971,-0.604252247,0.886287716,Pinheads
-0.519453796,-0.616634849,-0.447821256,0.893656168,0.213005244,-0.73235754,-0.51578906,-0.164981883,0.725986141,Pinheads
-0.329091623,-0.489417319,-0.211466712,1.173889089,-0.402360814,-0.452124618,-0.476942871,0.299203192,0.339694422,Pinheads
-0.664695222,-1.125504968,-0.447821256,0.72154461,-0.760131778,-0.904469098,-0.21578567,-0.752530358,0.438231818,Pinheads
-0.68596534,-0.998287438,-0.605390953,0.695065908,0.131910493,-0.930947799,-0.306315915,-0.348839995,1.139760201,Pinheads
-0.758586058,-1.125504968,-0.684175801,0.624456038,0.235121995,-1.00155767,-0.474557947,0.177544062,1.827848736,Pinheads
-0.673505599,-0.927943095,-0.563637813,0.66417409,0.090137943,-0.961839618,-0.34487207,-0.372513161,0.571651448,Pinheads
-0.570804387,-0.743852378,-0.447821256,0.849524999,-0.030279011,-0.776488709,-0.198299356,-0.327752041,0.600652673,Pinheads
-0.855057396,-1.252722497,-0.684175801,0.520747792,-0.074512512,-1.105265916,-0.08388798,-0.788133269,0.466771178,Pinheads
-0.592074508,-0.616634849,-0.605390953,0.761262661,0.983405387,-0.864751046,-0.585658987,-0.028486251,1.010969716,Pinheads
-0.906407996,-1.364113562,-0.6413644,0.485442857,-0.536925753,-1.140570851,-0.156697038,-0.349506191,0.797729831,Pinheads
-0.255653006,-0.107764729,-0.275421471,1.237392665,0.429768687,-0.388621043,0.547723353,-0.822597847,-1.215402386,BlackSmall
-0.102900075,0.14667033,-0.195709742,1.471195913,0.541156101,-0.154817795,0.452439806,-0.509338412,-0.394748474,BlackSmall
-0.270566445,-0.107764729,-0.275421471,1.235186974,0.429768687,-0.390826734,0.010454746,0.190273551,0.516367329,BlackSmall
-0.153817723,0.0194528,-0.195709742,1.418259329,0.343134032,-0.207754379,0.029023994,0.256319318,-0.335302107,BlackSmall
-0.225826139,-0.107764729,-0.275421471,1.325620306,0.429768687,-0.300393402,-0.089049713,0.1274875,0.092544502,BlackSmall
-0.342574859,-0.349357453,-0.323015606,1.085199984,0.202307784,-0.540813724,0.110531352,-0.080896644,0.415741175,BlackSmall
-0.276743781,-0.234982259,-0.275421471,1.224158518,0.21937024,-0.401855189,0.898647054,-0.959378524,0.058061819,BlackSmall
-0.123990853,0.0194528,-0.195709742,1.502075587,0.343134032,-0.12393812,0.15834881,-0.286604631,0.587245766,BlackSmall
-0.219648801,0.0194528,-0.275421471,1.296946322,0.640167135,-0.329067386,0.238815623,-0.334057592,0.654088721,BlackSmall
-0.378579082,-0.362199789,-0.3551332,1.087405675,0.303529619,-0.538608033,1.079485883,-0.723815454,-1.091444988,BlackSmall
-0.393492506,-0.489417319,-0.275421471,1.107256894,-0.201426656,-0.518756814,1.765764509,-1.428798194,-0.374424849,BlackSmall
-0.030891649,0.14667033,-0.036286284,1.643239813,0.020045394,0.017226105,0.481622009,-0.571500125,-0.293152965,BlackSmall
-0.393492509,-0.425808554,-0.370510159,1.023440635,0.251255291,-0.602573073,0.311820304,-0.361042426,-0.623597326,BlackSmall
-0.408405946,-0.457809267,-0.290456035,1.069760147,-0.09833193,-0.556253561,0.846445502,-1.201100848,-0.208090296,BlackSmall
-0.117813511,0.0194528,-0.115998013,1.495458514,0.079104608,-0.130555193,1.133721513,-1.030482698,-0.231457141,BlackSmall
-0.001064789,0.40110539,-0.195709742,1.621182903,0.937200238,-0.004830805,1.658185054,-1.328321375,-0.149261172,BlackSmall
-0.312747998,-0.489417319,-0.195709742,1.252832502,-0.448954242,-0.373181206,0.132354353,-0.936697944,0.042148994,BlackSmall
-0.276743787,-0.234982259,-0.275421471,1.250626811,0.21937024,-0.375386897,0.251662458,-0.550404103,0.433945489,BlackSmall
-0.177467251,-0.604945709,0.196496692,1.376351199,-1.477391436,-0.249662509,-0.186866258,0.584705844,-0.377649868,BlackSmall
-0.219648798,-0.362199789,-0.036286284,1.389585345,-0.688665166,-0.236428363,0.014770368,-0.203757504,0.390028666,BlackSmall
-0.234562237,-0.107764729,-0.195709742,1.33444307,0.145111964,-0.291570638,1.140310244,-1.261350723,-0.15593772,BlackSmall
-0.168731156,0.14667033,-0.275421471,1.367528435,0.850565583,-0.258485273,0.75566905,-0.748327837,0.218661664,BlackSmall
-0.465500935,-0.7009647,-0.292347985,0.966092669,-0.499401736,-0.659921039,1.069681153,-1.279627871,-0.120952338,BlackSmall
-0.291657223,-0.489417319,-0.115998013,1.244009738,-0.668978762,-0.38200397,0.62580415,-0.782350937,-0.668783941,BlackSmall
-0.045805086,0.40110539,-0.195709742,1.557217863,0.937200238,-0.068795845,-0.055665786,0.102902425,0.817083365,BlackSmall
-0.291657217,-0.362199789,-0.195709742,1.24842112,-0.250932173,-0.377592588,0.515742834,-0.818091892,-0.244560517,BlackSmall
-0.306570651,-0.05228729,-0.370510159,1.127108113,0.918770376,-0.498905594,0.491379158,-0.76847411,0.599810668,BlackSmall
-0.465500929,-0.616634849,-0.3551332,0.979326815,-0.145320403,-0.646686893,1.141878714,-1.267530224,-0.281551869,BlackSmall
0.03493942,0.27388786,-0.036286284,1.799843876,0.197223034,0.173830168,0.47347847,-0.270653051,-0.480846026,BlackSmall
-0.429496724,-0.489417319,-0.3551332,1.043291854,0.079104608,-0.582721853,0.344284067,-0.354534317,-0.17489659,BlackSmall
-0.240739575,-0.107764729,-0.275421471,1.345471525,0.429768687,-0.280542183,1.342505664,-1.154240061,-0.361674719,BlackSmall
-0.20473537,-0.362199789,-0.036286284,1.374145508,-0.688665166,-0.2518682,0.256192535,-0.309995496,-0.020278344,BlackSmall
-0.156376467,-0.245845746,-0.035761956,1.402819491,-0.527961011,-0.223194216,0.672471618,-1.028655101,-0.211681172,BlackSmall
-0.420760631,-0.616634849,-0.3551332,1.074171529,-0.145320403,-0.551842179,0.279657113,-0.789436698,-0.512109898,BlackSmall
-0.234562228,-0.234982259,-0.115998013,1.303563395,-0.294937077,-0.322450312,0.129049378,-0.553413142,-0.308556067,BlackSmall
0.020025995,0.27388786,-0.036286284,1.713821926,0.197223034,0.087808218,-0.056886455,-0.489042306,-1.132258346,BlackSmall
-0.198558023,-0.479101805,0.100686313,1.363117053,-1.146564834,-0.262896655,-0.069852666,0.227722072,0.194421668,BlackSmall
-0.312747998,-0.362199789,-0.275421471,1.204307299,0.008971792,-0.421706409,0.179208235,-0.624624185,-0.492085967,BlackSmall
-0.204735364,-0.107764729,-0.195709742,1.365322744,0.145111964,-0.260690964,0.29142104,-0.7253578,-0.458061997,BlackSmall
-0.342574868,-0.489417319,-0.195709742,1.169016243,-0.448954242,-0.456997465,0.217922782,-0.317511393,-0.566155594,BlackSmall
0.068384895,-0.155163819,0.365590804,1.817489404,-1.241042515,0.191475696,0.053139914,0.353220118,-0.320982122,BlackSmall
-0.18364459,-0.234982259,-0.115998013,1.352088598,-0.294937077,-0.27392511,0.501844328,-0.798173116,-0.3858316,BlackSmall
-0.198558032,-0.107764729,-0.115998013,1.411642255,-0.107916235,-0.214371452,0.532557649,-0.790381429,-0.564321347,BlackSmall
-0.030891652,0.14667033,-0.036286284,1.696176398,0.020045394,0.07016269,0.016412137,-0.060848203,-1.173460674,BlackSmall
-0.240739569,-0.234982259,-0.195709742,1.301357704,-0.052910105,-0.324656003,0.052888966,-0.104636781,-1.338558588,BlackSmall
-0.216889505,-0.133208235,-0.304740727,1.314235045,0.500561577,-0.311778662,-0.057002717,-0.034005804,0.891092472,BlackSmall
-0.282491474,-0.385430816,-0.226861452,1.221895001,-0.190097363,-0.404118706,-0.375060419,0.242424436,0.934989146,BlackSmall
-0.261474092,-0.259319526,-0.304740727,1.230484773,0.287085177,-0.395528935,0.220051011,-0.930346814,-0.363418204,BlackSmall
-0.124114323,0.119014345,-0.226861452,1.464556047,0.613578494,-0.16145766,-0.008992811,-0.520267061,0.642372012,BlackSmall
-0.240456724,-0.007096945,-0.304740727,1.230484773,0.714037976,-0.395528935,-0.280917468,0.338515951,1.60585737,BlackSmall
-0.153837382,0.156623416,-0.245314587,1.404427647,0.745343371,-0.221586061,-0.311473027,0.355227755,0.809730366,BlackSmall
-0.166149073,0.119014345,-0.382620003,1.322824817,1.283308375,-0.303188891,-0.489442317,0.547780255,0.953223074,BlackSmall
-0.339387761,-0.385430816,-0.382620003,1.1166703,0.372475737,-0.509343408,-0.350265093,0.0510369,1.365973228,BlackSmall
-0.216889508,-0.007096945,-0.382620003,1.284170845,1.055600215,-0.341842863,-0.029226809,-0.139156765,0.257791944,BlackSmall
-0.282491477,-0.385430816,-0.226861452,1.217600116,-0.190097363,-0.408413592,0.14988955,-0.714207222,1.08904184,BlackSmall
-0.088235409,-0.007096945,-0.071102902,1.531126777,-0.094925222,-0.094886931,-0.215088088,-0.098798187,1.75554692,BlackSmall
-0.183560447,-0.007096945,-0.226861452,1.322824817,0.41265953,-0.303188891,-0.260374857,0.032544226,1.802219088,BlackSmall
-0.38397236,-0.224428389,-0.410868283,1.045804685,0.788884723,-0.580209023,0.699009808,-0.840962343,-0.559759316,BlackSmall
-0.377816506,-0.804414199,-0.063947113,1.0866061,-1.246782285,-0.539407608,1.142597821,-1.395718035,0.15588053,BlackSmall
-0.022633449,0.119014345,-0.071102902,1.670710564,0.084844378,0.044696856,-0.197832927,-0.27317199,0.759065021,BlackSmall
-0.426007107,-0.511542107,-0.460499278,1.032920027,0.470064948,-0.59309368,-0.143345181,-0.186752404,0.519671685,BlackSmall
-0.073373878,0.119014345,-0.148982177,1.528979334,0.334524377,-0.097034374,0.229769757,-1.07035842,0.53873637,BlackSmall
-0.434712793,-0.637653397,-0.304740727,1.037214913,-0.353344021,-0.588798794,0.140959018,-1.254388079,0.618185577,BlackSmall
-0.398833888,-0.385430816,-0.382620003,1.026477699,0.372475737,-0.599536009,0.097732486,-1.075116227,0.673163957,BlackSmall
-0.082079567,0.266880421,-0.140355468,1.486030476,0.526639223,-0.139983232,-0.284279854,0.442801893,0.046292208,BlackSmall
0.007089619,0.380565724,-0.302309372,1.559043534,1.359003186,-0.066970174,0.92208527,-1.479465727,0.442655995,BlackSmall
-0.282491477,-0.385430816,-0.226861452,1.247664316,-0.190097363,-0.378349392,-0.208824494,-0.964404283,0.994740352,BlackSmall
-0.246612573,-0.133208235,-0.304740727,1.275581073,0.500561577,-0.350432634,-0.089127266,-0.570752916,1.389163048,BlackSmall
-0.189716283,-0.007096945,-0.226861452,1.359331346,0.41265953,-0.266682362,-0.517988719,0.74335138,0.763996078,BlackSmall
-0.153837376,-0.382429867,0.01648105,1.413017418,-0.841160395,-0.21299629,-0.263268726,-0.237807476,1.649014622,BlackSmall
-0.159993224,0.119014345,-0.304740727,1.359331346,0.927514376,-0.266682362,0.256534334,-0.723583682,1.576747937,BlackSmall
-0.204577823,-0.007096945,-0.226861452,1.318529931,0.41265953,-0.307483777,0.434144,-1.490647027,0.810552536,BlackSmall
-0.455730169,-0.637653397,-0.382620003,0.985676284,-0.082940582,-0.640337424,0.495736928,-1.428881069,0.985680182,BlackSmall
-0.318370391,-0.511542107,-0.226861452,1.245516873,-0.391016327,-0.380496835,-0.082878361,-0.746685871,0.284408784,BlackSmall
-0.067218033,0.371236926,-0.226861452,1.535421662,1.015416422,-0.090592045,-0.321400828,-0.098441735,2.038938625,BlackSmall
-0.219439348,-0.372700153,-0.105838981,1.247664316,-0.524898153,-0.378349392,-0.179565857,-0.836605853,0.902725001,BlackSmall
-0.303508854,-0.133208235,-0.460499278,1.105933086,1.201984032,-0.520080622,0.214083442,-1.039931156,1.74998698,BlackSmall
0.070141748,0.454298031,-0.020724145,1.75660828,0.399074459,0.130594572,0.155795018,-0.541712484,0.48371222,BlackSmall
-0.506470607,-0.637653397,-0.460499278,0.951317198,0.22609192,-0.67469651,0.745338737,-1.498090403,0.428868731,BlackSmall
-0.419851259,-0.511542107,-0.382620003,1.043657242,0.144767578,-0.582356466,-0.107023371,-0.394042568,1.138846331,BlackSmall
-0.231751036,-0.133208235,-0.304740727,1.333562031,0.500561577,-0.292451676,0.843404525,-1.507490709,0.715046186,BlackSmall
-0.153837379,-0.199769137,-0.081385905,1.382953218,-0.341305708,-0.24306049,0.278100155,-1.190060107,0.75000343,BlackSmall
-0.195872132,-0.385430816,-0.071102902,1.361478789,-0.63423402,-0.264534919,-0.115489868,-0.390332976,1.129108881,BlackSmall
-0.255318261,-0.626065902,0.046190814,1.279875959,-1.229333384,-0.346137749,-0.125658138,-0.562495085,0.711808828,BlackSmall
0.070141748,0.223835869,0.016964707,1.735133851,-0.026585737,0.109120143,-0.350283755,-0.576991336,0.061948649,BlackSmall
-0.267629946,-0.385430816,-0.226861452,1.202568015,-0.190097363,-0.423445692,-0.234416308,-0.59772476,0.794110737,BlackSmall
-0.183560434,-0.536891753,0.101259778,1.382953218,-1.221481379,-0.24306049,-0.344417026,0.137724692,1.494913183,BlackSmall
-0.204577817,-0.259319526,-0.071102902,1.361478789,-0.454464421,-0.264534919,-0.181488714,-0.739710301,0.797890935,BlackSmall
-0.282491474,-0.385430816,-0.226861452,1.230484773,-0.190097363,-0.395528935,0.133207393,-0.808239152,1.38175662,BlackSmall
0.034262844,0.119014345,0.084655649,1.784525037,-0.343178478,0.158511329,-0.42995701,0.205157994,1.287624473,BlackSmall
