perimeter,dimA,dimB,Roundness,AspectRatio,area,meanH,meanS,meanV,SeedType,,A,13.61499978,2.086118311,PerimeterDimA,,DimB,Roundness,AspectRatio,Area,MeanH,MeanS,MeanV
15.13320746,4.957264957,4.597701149,228.5515241,1.078205128,18.18755241,0.950536779,4.089065606,6.104890656,WhitePure,,B,4.289856677,0.67253183,0.727766819,0.992381699,0.452594412,0.813110636,0.733291952,0.813110636,0.741409902,0.19582115,0.809440331
16.08549398,5.128205128,4.827586207,243.7392996,1.062271062,19.39615717,0.952327747,4.006703911,6.123947858,WhitePure,,C,4.251345345,0.765267522,1.18425412,1.246555796,0.752992705,1.099449636,0.548471332,1.099449636,0.767535765,0.046177525,0.830448631
12.83418473,4.102564103,3.908045977,164.3709246,1.049773756,13.08022258,0.947683924,3.81852861,6.635531335,WhitePure,,D,185.4231283,53.04123928,-0.374290872,-0.278488788,-0.448600467,-0.396902561,0.403513984,-0.396902561,0.699793672,-0.295719687,1.394408578
14.7202507,4.615384615,4.597701149,213.6087128,1.003846154,16.99844126,0.960932203,3.994830508,6.629237288,WhitePure,,E,1.01498533,0.086213681,0.529812193,0.484033504,0.452594412,0.531390006,-0.129204271,0.531390006,0.893053877,0.024604645,1.387470139
14.72025067,4.615384615,4.597701149,211.6489998,1.003846154,16.84249226,0.963931624,3.528632479,6.607863248,WhitePure,,F,14.75550372,4.220887709,0.529812183,0.484033504,0.452594412,0.494443038,-0.129204271,0.494443038,0.936808134,-0.822434293,1.363907802
14.50451886,4.786324786,4.367816092,205.2799327,1.095816464,16.335658,0.929779736,4.316740088,6.180528634,WhitePure,,G,0.899712008,0.068551514,0.426399155,0.738207602,0.152196119,0.374365393,0.937567373,0.374365393,0.438615079,0.609484741,0.892822208
14.82811669,4.615384615,4.597701149,222.182457,1.003846154,17.68071815,0.928326531,3.893142857,6.154693878,WhitePure,,H,3.981288466,0.550385595,0.58151875,0.484033504,0.452594412,0.69303299,-0.129204271,0.69303299,0.417416348,-0.160152464,0.864342461
14.09156207,4.615384615,4.137931034,194.2565473,1.115384615,15.45844486,0.959535963,3.829512761,6.254756381,WhitePure,,I,5.370625215,0.907127323,0.228444519,0.484033504,-0.148202174,0.166538698,1.164540063,0.166538698,0.872686121,-0.275762496,0.974649471
12.94205064,4.102564103,3.908045977,164.1259605,1.049773756,13.06072895,0.989972752,3.64719346,6.551498638,WhitePure,,,,,-0.322584358,-0.278488788,-0.448600467,-0.401520932,0.403513984,-0.401520932,1.316684909,-0.607019894,1.301772521
13.09459611,4.102564103,4.137931034,165.5957452,0.991452991,13.1776907,0.996108108,3.628756757,7.314702703,WhitePure,,,,,-0.249460287,-0.278488788,-0.148202174,-0.373810706,-0.272953642,-0.373810706,1.406184844,-0.640517689,2.143114245
13.46287338,4.273504274,4.137931034,179.313736,1.032763533,14.26933372,0.954085213,4.016541353,6.795989975,WhitePure,,,,,-0.072923187,-0.024314691,-0.148202174,-0.115181931,0.206210927,-0.115181931,0.793172927,0.064051253,1.571295147
14.19942796,4.444444444,4.367816092,201.850435,1.01754386,16.06274725,0.944340045,4.025950783,6.752483221,WhitePure,,,,,0.280151022,0.229859407,0.152196119,0.309708199,0.029676612,0.309708199,0.651014604,0.081147322,1.523334125
15.86976215,4.957264957,5.057471264,243.2493713,0.98018648,19.35716992,0.916560748,4.440373832,5.49988785,WhitePure,,,,,1.080841081,0.992381699,1.053390998,1.090212894,-0.403634888,1.090212894,0.245782168,0.834115882,0.142496684
12.94205064,4.102564103,3.908045977,167.0655299,1.049773756,13.29465246,1.058016086,3.098981233,6.949919571,WhitePure,,,,,-0.322584358,-0.278488788,-0.448600467,-0.34610048,0.403513984,-0.34610048,2.309271791,-1.603071086,1.740984221
15.08852804,4.957264957,4.367816092,220.4677081,1.134952767,17.54426277,1.020533881,3.426858316,6.819301848,WhitePure,,,,,0.706349325,0.992381699,0.152196119,0.660704393,1.391512753,0.660704393,1.76249751,-1.007348585,1.596993715
16.75886217,5.316349244,5.192807815,266.2759986,1.023790873,21.1895707,0.968424658,3.818424658,6.335068493,WhitePure,,,,,1.507039352,1.526310758,1.230239678,1.524339766,0.10213626,1.524339766,1.002350575,-0.29590856,1.063184025
15.50148483,5.128205128,4.597701149,224.1421699,1.115384615,17.83666715,0.950383838,4.115474747,6.274181818,WhitePure,,,,,0.90430396,1.246555796,0.452594412,0.729979958,1.164540063,0.729979958,0.739178866,0.24380413,0.996063706
15.34893934,4.957264957,4.597701149,230.5112371,1.078205128,18.34350141,0.982440945,3.919606299,6.208425197,WhitePure,,,,,0.831179878,0.992381699,0.452594412,0.850057603,0.733291952,0.850057603,1.206814146,-0.112070824,0.92357485
16.39058495,5.128205128,5.287356322,263.3364292,0.969899666,20.9556472,0.93559792,4.248041594,5.765961872,WhitePure,,,,,1.330502284,1.246555796,1.353789291,1.468919315,-0.522952547,1.468919315,0.523488253,0.484665897,0.435811651
16.56163716,5.299145299,4.827586207,265.5411062,1.097680098,21.13108983,0.92535163,4.264974271,5.426346484,WhitePure,,,,,1.412497733,1.500729894,0.752992705,1.510484653,0.95918382,1.510484653,0.374019771,0.515431013,0.061426072
12.9867302,4.273504274,3.908045977,168.2903505,1.093514329,13.39212058,1.02208,3.535466667,7.26688,WhitePure,,,,,-0.301166801,-0.024314691,-0.448600467,-0.323008625,0.910864703,-0.323008625,1.78505163,-0.810017202,2.090395402
16.17485306,5.128205128,5.287356322,256.967362,0.969899666,20.44881294,1.009023091,4.124262877,6.285399645,WhitePure,,,,,1.227089214,1.246555796,1.353789291,1.348841669,-0.522952547,1.348841669,1.594583052,0.259771354,1.008430026
12.20549607,3.931623932,3.67816092,147.4684003,1.068910256,11.73516243,0.91081571,4.477945619,6.27734139,WhitePure,,,,,-0.675658568,-0.532662885,-0.74899876,-0.715570158,0.625479924,-0.715570158,0.161976029,0.902380364,0.999546758
13.83115066,4.444444444,4.137931034,188.1324443,1.074074074,14.97110423,0.856842105,4.656172249,5.851770335,WhitePure,,,,,0.103613912,0.229859407,-0.148202174,0.051079424,0.685375495,0.051079424,-0.625367699,1.226201756,0.530405278
13.09459611,4.102564103,4.137931034,168.5353147,0.991452991,13.41161421,0.958617021,3.95106383,6.947234043,WhitePure,,,,,-0.249460287,-0.278488788,-0.148202174,-0.318390254,-0.272953642,-0.318390254,0.859280996,-0.054915384,1.738023746
16.08549398,5.128205128,4.827586207,253.0479361,1.062271062,20.13691494,0.903956835,4.305179856,5.898920863,WhitePure,,,,,1.18425412,1.246555796,0.752992705,1.274947733,0.548471332,1.274947733,0.061921705,0.588480863,0.582383128
15.13320755,4.786324786,4.827586207,226.5918111,0.991452991,18.0316034,0.867094188,4.60256513,5.058116232,WhitePure,,,,,0.727766861,0.738207602,0.752992705,0.776163668,-0.272953642,0.776163668,-0.47581472,1.128802552,-0.344503991
16.91140763,5.299145299,5.517241379,276.5644917,0.960470085,22.00830297,0.918743802,4.085024793,5.900099174,WhitePure,,,,,1.580163423,1.500729894,1.654187584,1.718311347,-0.632327068,1.718311347,0.27762762,0.188479365,0.583682075
13.46287336,4.273504274,4.137931034,174.4144536,1.032763533,13.87946121,0.878251928,4.146529563,5.890488432,WhitePure,,,,,-0.072923198,-0.024314691,-0.148202174,-0.207549351,0.206210927,-0.207549351,-0.313050414,0.300227874,0.573087375
16.91140761,5.47008547,5.287356322,277.5443481,1.034559643,22.08627747,0.8984514,4.29752883,5.312092257,WhitePure,,,,,1.580163413,1.754903991,1.353789291,1.736784831,0.227044169,1.736784831,-0.018389201,0.574579653,-0.064525626
13.98369614,4.273504274,4.597701149,195.4813679,0.929487179,15.55591299,0.897921478,4.305127021,6.131547344,WhitePure,,,,,0.176737994,-0.024314691,0.452594412,0.189630553,-0.991700494,0.189630553,-0.026119479,0.588384866,0.83882616
13.72328477,4.273504274,4.367816092,191.3169778,0.978407557,15.22452136,0.915471698,4.435754717,5.814433962,WhitePure,,,,,0.051907409,-0.024314691,0.152196119,0.111118247,-0.424268768,0.111118247,0.229895582,0.825723375,0.489246367
16.49845082,5.299145299,5.057471264,263.5813933,1.047785548,20.97514082,0.852733564,4.527750865,4.883114187,WhitePure,,,,,1.382208777,1.500729894,1.053390998,1.473537685,0.380452588,1.473537685,-0.685301331,0.992871914,-0.537422935
15.6093508,4.957264957,4.827586207,242.514479,1.026862027,19.29868905,0.877673546,4.73043152,5.120825516,WhitePure,,,,,0.956010506,0.992381699,0.752992705,1.076357781,0.137758845,1.076357781,-0.321487603,1.36112402,-0.275374463
16.91140761,5.47008547,5.287356322,279.0141329,1.034559643,22.20323922,0.887672131,4.497901639,5.125114754,WhitePure,,,,,1.580163413,1.754903991,1.353789291,1.764495057,0.227044169,1.764495057,-0.175632543,0.938638616,-0.270646088
14.09156205,4.444444444,4.367816092,200.1356862,1.01754386,15.92629187,0.920993228,4.451918736,5.355485327,WhitePure,,,,,0.228444508,0.229859407,0.152196119,0.277379602,0.029676612,0.277379602,0.310441284,0.85509191,-0.016689926
14.09156205,4.444444444,4.367816092,196.2162602,1.01754386,15.61439387,0.875402299,4.474482759,4.533241379,WhitePure,,,,,0.228444508,0.229859407,0.152196119,0.203485666,0.029676612,0.203485666,-0.354619578,0.896088664,-0.9231161
16.13017352,4.957264957,5.287356322,256.2324697,0.937569677,20.39033207,0.871814947,4.40569395,4.584412811,WhitePure,,,,,1.205671667,0.992381699,1.353789291,1.334986556,-0.897950905,1.334986556,-0.40695033,0.771105727,-0.866705681
17.01927351,5.299145299,5.517241379,281.7087382,0.960470085,22.4176691,0.894415584,4.557662338,4.593246753,WhitePure,,,,,1.631869927,1.500729894,1.654187584,1.815297138,-0.632327068,1.815297138,-0.077261947,1.047218308,-0.856967311
13.5075529,4.273504274,4.367816092,179.5587001,0.978407557,14.28882735,0.852130326,4.583057644,5.055639098,WhitePure,,,,,-0.051505651,-0.024314691,0.152196119,-0.11056356,-0.424268768,-0.11056356,-0.69410111,1.093359244,-0.347234737
16.74292589,5.299145299,5.057471264,269.9252913,1.047785548,21.47997219,0.947118644,4.303254237,6.314440678,WhitePure,,,,,1.499400153,1.500729894,1.053390998,1.593140811,0.380452588,1.593140811,0.691547616,0.584982191,1.040444311
15.78900178,4.957264957,5.057471264,249.275269,0.98018648,19.83669563,0.934899083,4.349357798,6.365577982,WhitePure,,,,,1.042127856,0.992381699,1.053390998,1.203820679,-0.403634888,1.203820679,0.513293909,0.66874812,1.096817108
17.04854144,5.47008547,5.287356322,280.7419696,1.034559643,22.3407361,0.960261438,3.665294118,6.276470588,WhitePure,,,,,1.645899776,1.754903991,1.353789291,1.797070404,0.227044169,1.797070404,0.883269039,-0.574132665,0.998586803
16.11315603,5.128205128,4.827586207,251.4877714,1.062271062,20.01276097,0.932413793,4.278257713,5.878402904,WhitePure,,,,,1.197514177,1.246555796,0.752992705,1.24553355,0.548471332,1.24553355,0.477039575,0.539565806,0.559764518
15.42009114,4.957264957,4.827586207,232.5585843,1.026862027,18.50642413,0.913019608,3.452392157,6.395686275,WhitePure,,,,,0.865287146,0.992381699,0.752992705,0.888656763,0.137758845,0.888656763,0.194125543,-0.960955945,1.13000792
12.33453717,3.931623932,3.67816092,152.1709976,1.068910256,12.10938323,0.910470588,4.347176471,7.059529412,WhitePure,,,,,-0.613801531,-0.532662885,-0.74899876,-0.626910895,0.625479924,-0.626910895,0.156941542,0.664784849,1.861816036
15.11447559,4.786324786,4.597701149,230.1002483,1.041025641,18.31079596,0.940514851,4.290059406,6.091009901,WhitePure,,,,,0.718787523,0.738207602,0.452594412,0.842309128,0.30204384,0.842309128,0.59521433,0.561008396,0.79413845
16.67963084,5.47008547,5.057471264,270.9086257,1.081585082,21.55822345,0.951607445,3.846497462,6.302199662,WhitePure,,,,,1.469059087,1.754903991,1.053390998,1.611679865,0.772496325,1.611679865,0.757028313,-0.244902856,1.026950046
13.22516616,4.102564103,4.137931034,170.854351,0.991452991,13.59615726,0.987894737,3.395368421,7.366736842,WhitePure,,,,,-0.186870331,-0.278488788,-0.148202174,-0.27466887,-0.272953642,-0.27466887,1.286371717,-1.064562828,2.200475696
13.96298742,4.444444444,4.137931034,189.5377045,1.074074074,15.08293129,0.944095238,3.977333333,7.102571429,WhitePure,,,,,0.166811078,0.229859407,-0.148202174,0.077573154,0.685375495,0.077573154,0.64744347,-0.007186113,1.909264741
12.44258859,3.931623932,3.67816092,154.8751671,1.068910256,12.32457421,1.021387283,3.163699422,7.493410405,WhitePure,,,,,-0.562006087,-0.532662885,-0.74899876,-0.575928497,0.625479924,-0.575928497,1.774946576,-1.48548409,2.340118235
12.74820414,4.102564103,3.908045977,163.7251767,1.049773756,13.02883559,0.962417582,3.801978022,7.268571429,WhitePure,,,,,-0.415506463,-0.278488788,-0.448600467,-0.409077011,0.403513984,-0.409077011,0.914721947,-0.325790584,2.092260001
16.15791245,5.128205128,5.057471264,259.6002802,1.013986014,20.65833391,0.944761905,3.957671958,5.909347443,WhitePure,,,,,1.218968576,1.246555796,1.053390998,1.398480745,-0.01159115,1.398480745,0.657168517,-0.042909024,0.593877192
17.2646442,5.47008547,5.287356322,292.0503152,1.034559643,23.24062565,0.972201258,3.984842767,5.998301887,WhitePure,,,,,1.749490621,1.754903991,1.353789291,2.010269524,0.227044169,2.010269524,1.057441996,0.006457838,0.691938888
13.59407678,4.444444444,3.908045977,181.6710294,1.137254902,14.45692117,0.887146402,4.410620347,6.229478908,WhitePure,,,,,-0.010029632,0.229859407,-0.448600467,-0.070739277,1.418215423,-0.070739277,-0.183301654,0.780056537,0.946784064
14.63751357,4.615384615,4.597701149,210.1877268,1.003846154,16.72620785,0.956976242,4.031447084,6.793866091,WhitePure,,,,,0.49015139,0.484033504,0.452594412,0.466893286,-0.129204271,0.466893286,0.835346013,0.091133595,1.568953817
13.89969235,4.273504274,4.367816092,181.6710294,0.978407557,14.45692117,0.950967742,3.231662531,7.222531017,WhitePure,,,,,0.136470002,-0.024314691,0.152196119,-0.070739277,-0.424268768,-0.070739277,0.7476966,-1.362001372,2.041505923
14.26860295,4.444444444,4.597701149,199.3710485,0.966666667,15.86544394,0.846727273,4.638181818,5.790181818,WhitePure,,,,,0.313310691,0.229859407,0.452594412,0.262963693,-0.560452383,0.262963693,-0.772918525,1.193514798,0.462511262
15.63619396,4.957264957,4.827586207,244.358597,1.026862027,19.4454393,0.948859813,4.166878505,6.521121495,WhitePure,,,,,0.968878023,0.992381699,0.752992705,1.111125409,0.137758845,1.111125409,0.71694704,0.337200029,1.268285335
13.16187106,4.444444444,3.908045977,165.4460119,1.137254902,13.1657753,0.885869565,4.365326087,6.849782609,WhitePure,,,,,-0.217211417,0.229859407,-0.448600467,-0.376633667,1.418215423,-0.376633667,-0.201927599,0.697761032,1.630595128
13.48602533,4.273504274,4.137931034,179.458527,1.032763533,14.28085583,0.924522613,4.308442211,6.685628141,WhitePure,,,,,-0.061825086,-0.024314691,-0.148202174,-0.112452149,0.206210927,-0.112452149,0.361926435,0.594408262,1.449634348
12.59539634,4.102564103,3.67816092,154.3834999,1.115384615,12.28544857,0.979362319,3.736927536,7.043130435,WhitePure,,,,,-0.488756286,-0.278488788,-0.74899876,-0.585198023,1.164540063,-0.585198023,1.161904473,-0.443981333,1.843738114
15.74424545,4.957264957,4.827586207,241.6544275,1.026862027,19.23024832,0.888150943,4.27109434,6.180679245,WhitePure,,,,,1.020673499,0.992381699,0.752992705,1.060143011,0.137758845,1.060143011,-0.168647836,0.526550615,0.892988238
15.52814256,4.957264957,4.827586207,233.7877523,1.026862027,18.60423821,0.900272904,4.152280702,6.133879142,WhitePure,,,,,0.91708259,0.992381699,0.752992705,0.91183058,0.137758845,0.91183058,0.008182118,0.310677164,0.84139669
16.89573364,5.299145299,5.287356322,282.2169712,1.002229654,22.458113,0.940357724,3.784260163,5.349788618,WhitePure,,,,,1.572649954,1.500729894,1.353789291,1.824878985,-0.147954189,1.824878985,0.592922216,-0.357982304,-0.022969871
13.2251662,4.273504274,3.908045977,172.8210198,1.093514329,13.75265979,0.956875,3.985416667,6.861979167,WhitePure,,,,,-0.18687031,-0.024314691,-0.448600467,-0.237590763,0.910864703,-0.237590763,0.833869139,0.007500561,1.644040383
16.41877162,5.128205128,5.287356322,271.1544593,0.969899666,21.57778627,0.907749577,4.359052453,5.894822335,WhitePure,,,,,1.344013821,1.246555796,1.353789291,1.616314629,-0.522952547,1.616314629,0.1172486,0.686362417,0.577864988
15.59143764,4.957264957,4.597701149,237.2294227,1.078205128,18.87811763,0.890364683,4.068176583,5.103493282,WhitePure,,,,,0.947423666,0.992381699,0.452594412,0.976717269,0.733291952,0.976717269,-0.13635475,0.157867717,-0.29448119
14.11579515,4.444444444,4.367816092,196.9127125,1.01754386,15.66981578,0.974804598,3.982344828,6.600735632,WhitePure,,,,,0.240060869,0.229859407,0.152196119,0.216616058,0.029676612,0.216616058,1.095418398,0.001919312,1.356050453
12.85625554,3.931623932,4.137931034,165.9376791,0.95014245,13.20490094,0.940596206,4.042710027,6.646720867,WhitePure,,,,,-0.36371103,-0.532662885,-0.148202174,-0.36736414,-0.75211821,-0.36736414,0.596401094,0.111597326,1.406743706
15.63619403,4.786324786,5.057471264,236.0002547,0.946386946,18.78030355,0.889034749,4.322316602,5.445173745,WhitePure,,,,,0.968878055,0.738207602,1.053390998,0.953543451,-0.795678625,0.953543451,-0.155755259,0.619616755,0.082180889
15.26728341,4.786324786,4.827586207,229.6085811,0.991452991,18.27167033,0.899285714,4.300555556,5.666111111,WhitePure,,,,,0.792037356,0.738207602,0.752992705,0.833039601,-0.272953642,0.833039601,-0.006218588,0.580078934,0.325738062
16.31072018,5.016591655,5.436429237,256.650277,0.922773283,20.42358011,0.916506239,4.319786096,5.420035651,WhitePure,,,,,1.292218367,1.080595662,1.548587726,1.342863583,-1.069575564,1.342863583,0.244987017,0.615019058,0.054469129
15.00642421,4.786324786,4.597701149,228.8710803,1.041025641,18.21298188,0.9212749,3.883346614,4.9212749,WhitePure,,,,,0.6669921,0.738207602,0.452594412,0.81913531,0.30204384,0.81913531,0.3145502,-0.177951337,-0.495355287
13.85493595,4.273504274,4.367816092,191.7502069,0.978407557,15.25899664,0.902735849,4.711603774,5.969150943,WhitePure,,,,,0.115015613,-0.024314691,0.152196119,0.119286025,-0.424268768,0.119286025,0.044110494,1.326915737,0.65980344
15.05118058,4.609841559,5.121073428,220.7585716,0.900170955,17.56740895,0.821773196,5.059958763,5.075628866,WhitePure,,,,,0.688446479,0.475791431,1.136502017,0.666188116,-1.331741934,0.666188116,-1.136937863,1.95984471,-0.325198395
13.74688451,4.273504274,4.367816092,188.062703,0.978407557,14.96555439,0.940961538,4.153269231,6.14125,WhitePure,,,,,0.063220159,-0.024314691,0.152196119,0.049764573,-0.424268768,0.049764573,0.601730408,0.31247323,0.849522184
12.74820411,3.931623932,4.137931034,159.3001719,0.95014245,12.6767049,0.921352113,4.182422535,5.998309859,WhitePure,,,,,-0.415506474,-0.532662885,-0.148202174,-0.492502754,-0.75211821,-0.492502754,0.31567654,0.365442103,0.691947677
16.54313026,5.47008547,5.057471264,257.372299,1.081585082,20.4810368,0.959010601,3.868056537,5.784240283,WhitePure,,,,,1.403626277,1.754903991,1.053390998,1.356476049,0.772496325,1.356476049,0.865022364,-0.205732,0.455961426
16.23803939,5.128205128,5.057471264,259.3276441,1.013986014,20.63663822,0.982035088,3.914175439,5.584631579,WhitePure,,,,,1.257378165,1.246555796,1.053390998,1.393340668,-0.01159115,1.393340668,1.200893676,-0.121938198,0.235916567
15.39361891,4.957264957,4.827586207,231.2195583,1.026862027,18.39986782,0.96172549,3.699686275,5.610745098,WhitePure,,,,,0.852597441,0.992381699,0.752992705,0.863411764,0.137758845,0.863411764,0.904626004,-0.51164528,0.264703616
14.35197345,4.444444444,4.597701149,196.0233465,0.966666667,15.59904227,0.929266055,3.972293578,6.088715596,WhitePure,,,,,0.353275109,0.229859407,0.452594412,0.199848613,-0.560452383,0.199848613,0.431121727,-0.016342884,0.791609251
16.13017353,5.128205128,5.057471264,251.2618456,1.013986014,19.99478237,0.918770344,4.090777577,5.213815552,WhitePure,,,,,1.205671672,1.246555796,1.053390998,1.241274113,-0.01159115,1.241274113,0.278014803,0.198931643,-0.172864007
14.6123848,4.615384615,4.597701149,204.5779813,1.003846154,16.27979848,0.968986784,3.818061674,5.865814978,WhitePure,,,,,0.478105684,0.484033504,0.452594412,0.361131324,-0.129204271,0.361131324,1.010550636,-0.296568067,0.545887827
13.24714158,4.273504274,4.137931034,169.6261876,1.032763533,13.49842312,0.943641161,4.438416887,6.070395778,WhitePure,,,,,-0.176336211,-0.024314691,-0.148202174,-0.297823749,0.206210927,-0.297823749,0.640819588,0.830560292,0.771413831
14.87279619,4.786324786,4.597701149,214.1102886,1.041025641,17.0383554,0.893248945,4.875611814,5.354177215,WhitePure,,,,,0.60293628,0.738207602,0.452594412,0.540846343,0.30204384,0.540846343,-0.094280379,1.624903262,-0.018131964
13.98369613,4.444444444,4.367816092,191.62382,1.01754386,15.24893908,0.838591549,4.93286385,5.906666667,WhitePure,,,,,0.176737988,0.229859407,0.152196119,0.11690322,0.029676612,0.11690322,-0.891598958,1.728924944,0.590921955
15.60935075,5.128205128,4.597701149,237.5744299,1.115384615,18.90557243,0.958778626,3.991679389,5.436641221,WhitePure,,,,,0.95601048,1.246555796,0.452594412,0.983221777,1.164540063,0.983221777,0.861638416,0.018879352,0.072774796
11.9897642,3.931623932,3.67816092,137.3629934,1.068910256,10.9309997,0.941548387,3.787354839,5.982322581,WhitePure,,,,,-0.779071624,-0.532662885,-0.74899876,-0.90608997,0.625479924,-0.90608997,0.610291103,-0.352359563,0.674323604
12.98673025,4.102564103,4.137931034,169.3817694,0.991452991,13.47897294,1.049312169,3.126878307,6.458941799,WhitePure,,,,,-0.301166775,-0.278488788,-0.148202174,-0.302431827,-0.272953642,-0.302431827,2.182302802,-1.552384669,1.199739613
13.20246204,4.273504274,3.908045977,168.4040969,1.093514329,13.40117223,1.056870027,3.930822281,6.586949602,WhitePure,,,,,-0.197753758,-0.024314691,-0.448600467,-0.320864137,0.910864703,-0.320864137,2.292553572,-0.091692416,1.340852994
13.57073934,4.273504274,4.137931034,183.0691852,1.032763533,14.56818287,0.943921569,4.133627451,5.713039216,WhitePure,,,,,-0.021216648,-0.024314691,-0.148202174,-0.044379491,0.206210927,-0.044379491,0.644910054,0.276785923,0.377470716
12.72631877,4.102564103,3.908045977,157.4052807,1.049773756,12.52591425,0.897790368,4.617223796,5.980169972,WhitePure,,,,,-0.425997414,-0.278488788,-0.448600467,-0.528227621,0.403513984,-0.528227621,-0.028032052,1.155435999,0.671950608
14.30729396,4.615384615,4.137931034,197.2454371,1.115384615,15.69629316,0.939954442,4.779225513,5.630068337,WhitePure,,,,,0.331857583,0.484033504,-0.148202174,0.222889001,1.164540063,0.222889001,0.587039316,1.449778217,0.286005189
12.72631882,4.102564103,3.908045977,157.894117,1.049773756,12.5648146,1.073672316,3.297062147,6.686214689,WhitePure,,,,,-0.425997393,-0.278488788,-0.448600467,-0.519011466,0.403513984,-0.519011466,2.537658148,-1.243176285,1.450280948
14.93598256,4.615384615,4.597701149,215.5767975,1.003846154,17.15505647,0.945774059,3.985188285,5.891799163,WhitePure,,,,,0.633225247,0.484033504,0.452594412,0.568494808,-0.129204271,0.568494808,0.671933381,0.007085611,0.574532301
14.72025075,4.615384615,4.597701149,211.6661073,1.003846154,16.84385363,0.92673774,4.415095949,5.244776119,WhitePure,,,,,0.529812219,0.484033504,0.452594412,0.494765569,-0.129204271,0.494765569,0.394239752,0.788188293,-0.138733663
13.61541883,4.342183178,4.308428693,175.4922229,1.007834523,13.96522737,1.099897959,3.341734694,6.674183673,WhitePure,,,,,0.000200878,0.077805241,0.07459267,-0.187229891,-0.082942826,-0.187229891,2.920226544,-1.162010377,1.437018184
16.60631676,5.299145299,5.057471264,269.5932059,1.047785548,21.45354567,0.899324324,4.666216216,4.726891892,WhitePure,,,,,1.433915307,1.500729894,1.053390998,1.586879921,0.380452588,1.586879921,-0.005655361,1.244450721,-0.709639438
15.97762809,5.128205128,4.827586207,245.3958103,1.062271062,19.52797811,0.965619224,3.911275416,5.860628466,WhitePure,,,,,1.132547611,1.246555796,0.752992705,1.130680255,0.548471332,1.130680255,0.961426113,-0.127207272,0.540170314
13.13927561,4.102564103,4.367816092,167.4264243,0.939271255,13.32337152,0.996363636,3.623101604,6.328342246,WhitePure,,,,,-0.228042757,-0.278488788,0.152196119,-0.339296446,-0.878214149,-0.339296446,1.40991238,-0.650792581,1.055769137
14.56770524,4.444444444,4.597701149,213.1326161,0.966666667,16.96055469,0.948050847,3.609491525,5.87059322,WhitePure,,,,,0.456688127,0.229859407,0.452594412,0.522414034,-0.560452383,0.522414034,0.705146198,-0.675520843,0.551155271
12.77099833,4.102564103,4.137931034,158.6273714,0.991452991,12.62316513,0.925971831,4.557295775,5.951661972,WhitePure,,,,,-0.404579856,-0.278488788,-0.148202174,-0.505187234,-0.272953642,-0.505187234,0.383067003,1.046552297,0.640523929
17.01927359,5.47008547,5.287356322,291.3464202,1.034559643,23.18461146,0.935572998,4.516169545,5.272276295,WhitePure,,,,,1.631869964,1.754903991,1.353789291,1.996998812,0.227044169,1.996998812,0.523124704,0.97182972,-0.108417989
13.72328472,4.273504274,4.367816092,188.9352205,0.978407557,15.03498713,0.989619048,3.991333333,6.380666667,WhitePure,,,,,0.051907382,-0.024314691,0.152196119,0.066214368,-0.424268768,0.066214368,1.311525221,0.0182506,1.113450588
14.76493026,4.615384615,4.827586207,214.3547068,0.956043956,17.05780558,0.871729958,4.523122363,4.928270042,WhitePure,,,,,0.551229756,0.484033504,0.752992705,0.545454421,-0.683666129,0.545454421,-0.40819011,0.984462351,-0.487643975
16.23803941,5.128205128,5.057471264,264.7048431,1.013986014,21.06454212,0.910981067,4.048468158,4.973562823,WhitePure,,,,,1.257378176,1.246555796,1.053390998,1.494718372,-0.01159115,1.494718372,0.164388188,0.122059321,-0.43771407
13.09459609,4.102564103,4.137931034,171.5815327,0.991452991,13.65402453,0.925953003,4.223603133,6.089921671,WhitePure,,,,,-0.249460293,-0.278488788,-0.148202174,-0.26095913,-0.272953642,-0.26095913,0.382792343,0.440263461,0.792938805
13.93901662,4.615384615,3.908045977,183.0691852,1.180995475,14.56818287,0.979853301,4.165085575,5.788655257,WhitePure,,,,,0.155320452,0.484033504,-0.448600467,-0.044379491,1.925566142,-0.044379491,1.169066706,0.33394244,0.46082841
13.35500746,4.273504274,4.137931034,171.3371145,1.032763533,13.63457436,1.015248042,3.423498695,6.542454308,WhitePure,,,,,-0.124629707,-0.024314691,-0.148202174,-0.265567207,0.206210927,-0.265567207,1.685389963,-1.013452708,1.291802224
16.71418268,5.299145299,5.057471264,279.6143496,1.047785548,22.25100295,0.947406199,4.518303426,5.337030995,WhitePure,,,,,1.485621831,1.500729894,1.053390998,1.775811095,0.380452588,1.775811095,0.695742344,0.975706786,-0.037033633
16.86672813,5.299145299,5.287356322,281.5696947,1.002229654,22.40660436,0.964213938,4.4836953,5.140680713,WhitePure,,,,,1.558745892,1.500729894,1.353789291,1.812675715,-0.147954189,1.812675715,0.940926416,0.912827004,-0.253486469
13.202462,4.273504274,3.908045977,170.359442,1.093514329,13.55677365,0.872965879,4.388136483,5.495643045,WhitePure,,,,,-0.197753779,-0.024314691,-0.448600467,-0.283999517,0.910864703,-0.283999517,-0.390161019,0.739205424,0.13781729
14.09156204,4.444444444,4.367816092,192.3570744,1.01754386,15.30728961,0.958971963,3.986915888,5.826261682,WhitePure,,,,,0.228444503,0.229859407,0.152196119,0.130727452,0.029676612,0.130727452,0.864458728,0.010224508,0.502285022
15.76189621,4.957264957,5.057471264,246.3734828,0.98018648,19.60577882,0.933800738,3.916678967,5.502583026,WhitePure,,,,,1.029134551,0.992381699,1.053390998,1.149112565,-0.403634888,1.149112565,0.497271731,-0.117389517,0.145467794
14.19942801,4.444444444,4.367816092,201.8893818,1.01754386,16.06584653,0.923571429,4.247589286,5.8,WhitePure,,,,,0.280151048,0.229859407,0.152196119,0.310442472,0.029676612,0.310442472,0.348050965,0.483844094,0.47333464
14.24410752,4.615384615,4.367816092,197.7342734,1.056680162,15.73519352,0.956719818,3.950979499,5.829886105,WhitePure,,,,,0.301568585,0.484033504,0.152196119,0.232105155,0.483621992,0.232105155,0.831605408,-0.055068606,0.506280516
14.72025075,4.615384615,4.597701149,215.5767975,1.003846154,17.15505647,0.911949686,4.070859539,4.572327044,WhitePure,,,,,0.529812219,0.484033504,0.452594412,0.568494808,-0.129204271,0.568494808,0.178517977,0.1627424,-0.880028802
13.57073934,4.273504274,4.137931034,180.6250038,1.032763533,14.3736811,0.965260546,4.222133995,5.672059553,WhitePure,,,,,-0.021216648,-0.024314691,-0.148202174,-0.090460265,0.206210927,-0.090460265,0.956193876,0.437594172,0.332295512
15.8697622,4.957264957,5.057471264,253.4616088,0.98018648,20.16983396,0.927037702,4.669228007,4.972208259,WhitePure,,,,,1.080841107,0.992381699,1.053390998,1.28274681,-0.403634888,1.28274681,0.398615471,1.249922868,-0.439207316
14.7649302,4.786324786,4.597701149,211.9105254,1.041025641,16.86330381,0.921705757,4.231812367,4.950788913,WhitePure,,,,,0.551229724,0.738207602,0.452594412,0.499373647,0.30204384,0.499373647,0.32083535,0.455178884,-0.462819598
14.09156208,4.444444444,4.367816092,201.1561273,1.01754386,16.007496,0.927174888,4.396681614,5.341973094,WhitePure,,,,,0.228444524,0.229859407,0.152196119,0.296618239,0.029676612,0.296618239,0.40061668,0.754731141,-0.031585556
16.34590532,4.957264957,5.287356322,267.8822789,0.937569677,21.31739443,0.899931973,4.462993197,4.232380952,WhitePure,,,,,1.30908469,0.992381699,1.353789291,1.554623379,-0.897950905,1.554623379,0.003208753,0.875213188,-1.254778943
13.54962624,4.273504274,4.137931034,178.1756259,1.032763533,14.1787658,1.077171717,3.42989899,6.338080808,WhitePure,,,,,-0.031337408,-0.024314691,-0.148202174,-0.13663901,0.206210927,-0.13663901,2.588705902,-1.00182396,1.066504744
15.96330183,4.957264957,4.827586207,252.7836015,1.026862027,20.11587985,0.998990991,4.28172973,5.537585586,WhitePure,,,,,1.125680189,0.992381699,0.752992705,1.269964165,0.137758845,1.269964165,1.448239099,0.545874141,0.184053954
15.79307608,4.957264957,5.057471264,246.1572352,0.98018648,19.58857038,0.960888889,4.155925926,5.45562963,WhitePure,,,,,1.044080907,0.992381699,1.053390998,1.145035593,-0.403634888,1.145035593,0.892422024,0.317300201,0.093707258
16.78522451,5.47008547,5.057471264,273.8898051,1.081585082,21.79545817,0.983439065,4.224040067,5.325742905,WhitePure,,,,,1.519676386,1.754903991,1.053390998,1.6678848,0.772496325,1.6678848,1.221374294,0.441057329,-0.04947741
15.16742536,4.786324786,4.827586207,235.1132915,0.991452991,18.70972126,0.951472868,3.980232558,5.678139535,WhitePure,,,,,0.744169484,0.738207602,0.752992705,0.936821308,-0.272953642,0.936821308,0.755065165,-0.001918488,0.338997968
16.9370328,5.299145299,5.517241379,281.7432762,0.960470085,22.42041755,0.947186992,3.877788618,5.315902439,WhitePure,,,,,1.592447085,1.500729894,1.654187584,1.815948292,-0.632327068,1.815948292,0.692544644,-0.188049704,-0.060325353
14.38996632,4.615384615,4.367816092,203.453986,1.056680162,16.19035378,0.9072,4.450755556,5.901422222,WhitePure,,,,,0.37148734,0.484033504,0.152196119,0.339940355,0.483621992,0.339940355,0.109231608,0.852978519,0.585140579
16.0966927,5.135322696,5.234619557,257.4465999,0.98103074,20.48694948,0.934280639,3.817477798,4.907708703,WhitePure,,,,,1.189622327,1.257139039,1.284876443,1.357876863,-0.393842248,1.357876863,0.504272327,-0.297628917,-0.510310406
16.15957382,5.299145299,4.827586207,255.4832322,1.097680098,20.33070964,0.910142857,4.311642857,5.449,WhitePure,,,,,1.219764973,1.500729894,0.752992705,1.32086099,0.95918382,1.32086099,0.152160742,0.600223542,0.08639888
13.80877922,4.444444444,4.367816092,194.1279891,1.01754386,15.44821453,0.935850816,4.248298368,6.002797203,WhitePure,,,,,0.092889959,0.229859407,0.152196119,0.164114958,0.029676612,0.164114958,0.527177385,0.485132432,0.69689444
13.44228152,4.162665184,4.36176229,174.0034694,0.954353976,13.84675613,0.986046512,3.957726098,6.517622739,WhitePure,,,,,-0.082794086,-0.189123381,0.144285419,-0.21529774,-0.703268355,-0.21529774,1.259410602,-0.042810655,1.264428372
13.29047321,4.444444444,3.908045977,172.0401016,1.137254902,13.69051629,0.970234987,3.512480418,5.990391645,WhitePure,,,,,-0.155564796,0.229859407,-0.448600467,-0.252313613,1.418215423,-0.252313613,1.028758882,-0.851781102,0.683218787
13.6125073,4.273504274,4.137931034,186.029097,1.032763533,14.80372517,0.942663438,3.954285714,6.098983051,WhitePure,,,,,-0.001194793,-0.024314691,-0.148202174,0.011424482,0.206210927,0.011424482,0.62655699,-0.049061516,0.802927899
12.96843918,4.273504274,3.908045977,160.0144739,1.093514329,12.73354725,1.094229692,3.995966387,6.513837535,WhitePure,,,,,-0.309934768,-0.024314691,-0.448600467,-0.479035836,0.910864703,-0.479035836,2.837540299,0.026668431,1.260255634
16.41872679,5.299145299,5.057471264,265.0546501,1.047785548,21.09237888,0.936896552,4.110896552,4.973310345,WhitePure,,,,,1.34399233,1.500729894,1.053390998,1.501313371,0.380452588,1.501313371,0.54243213,0.23548597,-0.437992397
16.0522291,5.128205128,4.827586207,242.9667626,1.062271062,19.33468064,0.951685393,4.040674157,5.414382022,WhitePure,,,,,1.168308295,1.246555796,0.752992705,1.0848848,0.548471332,1.0848848,0.758165388,0.107898338,0.048236676
13.39781793,4.273504274,4.137931034,181.6115195,1.032763533,14.45218553,0.963771712,4.515037221,6.439900744,WhitePure,,,,,-0.104108118,-0.024314691,-0.148202174,-0.071861232,0.206210927,-0.071861232,0.934475409,0.969772392,1.178749115
13.76431565,4.273504274,4.367816092,186.5199389,0.978407557,14.84278513,0.970144928,4.180289855,6.054975845,WhitePure,,,,,0.071575938,-0.024314691,0.152196119,0.02067845,-0.424268768,0.02067845,1.027445134,0.361567219,0.754415188
13.09420128,4.102564103,3.908045977,170.8129967,1.049773756,13.59286639,0.916220472,4.447349081,6.106141732,WhitePure,,,,,-0.249649548,-0.278488788,-0.448600467,-0.275448534,0.403513984,-0.275448534,0.240818379,0.846789268,0.810819494
13.03132024,4.102564103,4.137931034,175.7214162,0.991452991,13.983466,1.011179487,3.614871795,6.548205128,WhitePure,,,,,-0.279792153,-0.278488788,-0.148202174,-0.182908852,-0.272953642,-0.182908852,1.626039638,-0.665745388,1.298141819
15.7930761,5.128205128,4.827586207,247.6297611,1.062271062,19.70575026,0.939963168,3.838526703,5.009060773,WhitePure,,,,,1.044080917,1.246555796,0.752992705,1.172797498,0.548471332,1.172797498,0.587166603,-0.259384991,-0.398581801
15.57838675,5.128205128,4.827586207,241.2488158,1.062271062,19.19797077,0.975727788,4.292551985,5.594555766,WhitePure,,,,,0.941167603,1.246555796,0.752992705,1.052495911,0.548471332,1.052495911,1.108885505,0.565537183,0.246856802
16.31138205,5.299145299,5.057471264,260.8824936,1.047785548,20.76036921,0.947810858,4.343327496,5.301436077,WhitePure,,,,,1.292535641,1.500729894,1.053390998,1.422654641,0.380452588,1.422654641,0.701645337,0.657791615,-0.076272797
16.31138209,5.299145299,5.057471264,258.4282838,1.047785548,20.5650694,0.975123675,4.512014134,5.580282686,WhitePure,,,,,1.292535662,1.500729894,1.053390998,1.3763848,0.380452588,1.3763848,1.100072959,0.964279722,0.231122429
13.76431563,4.444444444,4.137931034,186.5199389,1.074074074,14.84278513,1.049855072,3.745797101,6.520483092,WhitePure,,,,,0.071575927,0.229859407,-0.148202174,0.02067845,0.685375495,0.02067845,2.19022244,-0.427866149,1.267581571
16.0522291,5.299145299,4.827586207,249.8385498,1.097680098,19.88152009,0.955839416,4.323430657,5.685839416,WhitePure,,,,,1.168308295,1.500729894,0.752992705,1.214440355,0.95918382,1.214440355,0.818762486,0.62164089,0.347486172
15.90042077,5.128205128,4.827586207,251.8019176,1.062271062,20.03775993,0.917391304,4.012971014,5.078695652,WhitePure,,,,,1.095537574,1.246555796,0.752992705,1.251456228,0.548471332,1.251456228,0.257897972,0.057564276,-0.321817628
13.70143455,4.444444444,4.367816092,183.5748873,1.01754386,14.60842537,0.99970516,3.266240786,6.275577396,WhitePure,,,,,0.041433302,0.229859407,0.152196119,-0.034845359,0.029676612,-0.034845359,1.458657085,-1.299175863,0.997602164
13.54962626,4.273504274,4.367816092,180.6298356,0.978407557,14.3740656,0.992219451,3.942543641,6.22074813,WhitePure,,,,,-0.031337397,-0.024314691,0.152196119,-0.090369169,-0.424268768,-0.090369169,1.349458792,-0.070395784,0.937159419
16.41872679,5.128205128,5.287356322,270.9447534,0.969899666,21.56109841,0.928918919,4.644527027,5.22722973,WhitePure,,,,,1.34399233,1.246555796,1.353789291,1.61236099,-0.522952547,1.61236099,0.426057854,1.205043459,-0.158076471
12.87951189,4.102564103,3.908045977,168.8496289,1.049773756,13.43662654,0.951170213,3.806702128,6.341808511,WhitePure,,,,,-0.352562884,-0.278488788,-0.448600467,-0.312464407,0.403513984,-0.312464407,0.750650157,-0.317207318,1.070614092
13.03132024,4.273504274,3.908045977,167.3771031,1.093514329,13.31944666,0.890616622,4.43463807,5.780911528,WhitePure,,,,,-0.279792153,-0.024314691,-0.448600467,-0.340226312,0.910864703,-0.340226312,-0.132679577,0.823694529,0.45229187
15.2747701,4.786324786,4.827586207,234.3770285,0.991452991,18.65113132,0.86423301,4.155883495,5.155339806,WhitePure,,,,,0.795626172,0.738207602,0.752992705,0.922940355,-0.272953642,0.922940355,-0.517552364,0.317223108,-0.237326563
13.3978179,4.444444444,3.908045977,176.2122581,1.137254902,14.02252596,0.890408163,4.272755102,4.965714286,WhitePure,,,,,-0.104108128,0.229859407,-0.448600467,-0.173654883,1.418215423,-0.173654883,-0.135720483,0.529568068,-0.446366149
14.90827233,4.615384615,4.827586207,223.5785058,0.956043956,17.79181218,0.899512195,4.414227642,5.442113821,WhitePure,,,,,0.619942095,0.484033504,0.752992705,0.719353054,-0.683666129,0.719353054,-0.002914783,0.78661066,0.078807687
11.99470819,3.760683761,3.67816092,148.7251092,1.022435897,11.83516815,0.931531532,4.523363363,5.7803003,WhitePure,,,,,-0.776701674,-0.786836983,-0.74899876,-0.691877106,0.086419785,-0.691877106,0.464169523,0.984900227,0.451618064
13.1386649,4.102564103,4.137931034,172.0401016,0.991452991,13.69051629,0.946840731,4.020052219,6.08689295,WhitePure,,,,,-0.228335506,-0.278488788,-0.148202174,-0.252313613,-0.272953642,-0.252313613,0.68749354,0.070430174,0.789600001
17.56268349,5.397488343,5.635701458,301.131533,0.957731417,23.963286,0.932560976,4.472743902,4.81945122,WhitePure,,,,,1.892358498,1.646957982,1.808983229,2.181480038,-0.664093123,2.181480038,0.47918661,0.892929322,-0.607603786
13.91612396,4.444444444,4.367816092,196.3367778,1.01754386,15.62398435,0.908202765,4.429585253,5.259539171,WhitePure,,,,,0.144346648,0.229859407,0.152196119,0.205757815,0.029676612,0.205757815,0.123859512,0.814514027,-0.122459154
16.89256921,5.299145299,5.287356322,277.0802777,1.002229654,22.04934792,0.886930693,4.382706271,4.508316832,WhitePure,,,,,1.571133053,1.500729894,1.353789291,1.728035594,-0.147954189,1.728035594,-0.186448323,0.729339227,-0.950592449
15.6857314,4.932149759,5.234619557,242.4759206,0.942217425,19.29562067,0.876315789,5.216616541,4.805338346,WhitePure,,,,,0.99262425,0.955037447,1.284876443,1.075630831,-0.844041268,1.075630831,-0.34129397,2.244477484,-0.623161551
16.05222913,5.128205128,5.057471264,259.1645467,1.013986014,20.62365934,0.901375661,4.204091711,4.047336861,WhitePure,,,,,1.168308305,1.246555796,1.053390998,1.390265752,-0.01159115,1.390265752,0.024268661,0.404813001,-1.458768049
13.54962619,4.273504274,4.367816092,182.1023614,0.978407557,14.49124549,0.94980198,3.844158416,5.386732673,WhitePure,,,,,-0.031337429,-0.024314691,0.152196119,-0.062607264,-0.424268768,-0.062607264,0.730690969,-0.249152688,0.017756557
13.44228154,4.273504274,4.367816092,179.4027308,0.978407557,14.2764157,0.854271357,4.093768844,4.640201005,WhitePure,,,,,-0.082794076,-0.024314691,0.152196119,-0.11350409,-0.424268768,-0.11350409,-0.662868672,0.204366501,-0.805205832
16.73873609,5.454545455,5.227272727,267.4359527,1.043478261,21.28187692,0.824771242,4.17254902,4.779084967,WhiteBroken,,,,,1.497391733,1.731797255,1.275276101,1.546208676,0.330491992,1.546208676,-1.093203659,0.347502833,-0.652102779
13.88486311,4.628099174,4.090909091,182.8962163,1.131313131,14.55441845,0.887341176,4.173835294,5.059952941,WhiteBroken,,,,,0.129361471,0.502939016,-0.209647279,-0.047640516,1.349296307,-0.047640516,-0.180460367,0.349839875,-0.342479238
11.83607379,3.155683156,4.660476512,135.8256152,0.677115987,10.80865903,0.7769279,4.284137931,3.663949843,WhiteBroken,,,,,-0.852744533,-1.686423557,0.534625024,-0.935074553,-3.918975941,-0.935074553,-1.791121753,0.550249621,-1.881406644
13.84131044,4.326033828,4.371678196,180.7885775,0.989559074,14.38669788,0.837719715,4.554584323,5.160950119,WhiteBroken,,,,,0.108484096,0.053792473,0.157242856,-0.087376368,-0.294921355,-0.087376368,-0.904316902,1.041625839,-0.23114186
12.554052,3.966942149,4.090909091,153.6234544,0.96969697,12.22496607,0.862395543,4.288356546,5.719442897,WhiteBroken,,,,,-0.508575073,-0.480147576,-0.209647279,-0.599527355,-0.525303634,-0.599527355,-0.544356535,0.557914456,0.384530013
11.7925211,3.636363636,3.863636364,139.3383466,0.941176471,11.08819331,0.884648318,3.768440367,5.124648318,WhiteBroken,,,,,-0.873621917,-0.971690872,-0.506631955,-0.868848133,-0.856115388,-0.868848133,-0.219742628,-0.386725418,-0.271160278
15.06697597,4.958677686,4.318181818,212.1689782,1.148325359,16.88387083,0.875682281,4.330916497,5.105906314,WhiteBroken,,,,,0.696018142,0.994482311,0.087337397,0.504246323,1.546622617,0.504246323,-0.350535318,0.635241972,-0.291821109
14.6463941,4.628099174,4.772727273,212.1689782,0.96969697,16.88387083,0.887689162,4.216359918,5.5599182,WhiteBroken,,,,,0.494408355,0.502939016,0.681306749,0.504246323,-0.525303634,0.504246323,-0.175384111,0.427103206,0.208673006
15.17212152,4.79338843,4.545454545,226.454086,1.054545455,18.02064359,0.882681992,4.660383142,5.495095785,WhiteBroken,,,,,0.74642063,0.748710663,0.384322073,0.773567101,0.458861335,0.773567101,-0.248426541,1.233852561,0.137214002
12.86948851,3.966942149,4.090909091,159.946371,0.96969697,12.72812779,0.87197861,4.061925134,5.273048128,WhiteBroken,,,,,-0.357367682,-0.480147576,-0.209647279,-0.480319798,-0.525303634,-0.480319798,-0.404562884,0.146509408,-0.107567135
11.53867747,3.47107438,3.636363636,122.7114179,0.954545455,9.765064364,0.910790378,4.725223368,4.825429553,WhiteBroken,,,,,-0.995304195,-1.21746252,-0.803616631,-1.182319857,-0.701047378,-1.182319857,0.161606498,1.351661287,-0.601013384
15.40792503,5.123966942,4.545454545,222.7071725,1.127272727,17.72247368,0.879220273,4.381988304,5.5991423,WhiteBroken,,,,,0.85945521,1.240253959,0.384322073,0.702925586,1.302431309,0.702925586,-0.298924615,0.728034748,0.251912911
12.76434302,3.966942149,4.090909091,156.4336396,0.96969697,12.4485935,0.903825137,4.117377049,5.219234973,WhiteBroken,,,,,-0.407770139,-0.480147576,-0.209647279,-0.546546219,-0.525303634,-0.546546219,0.060000552,0.247260438,-0.16688974
13.12333216,4.297520661,3.863636364,167.6743801,1.112299465,13.34310321,0.869769821,4.620460358,5.515089514,WhiteBroken,,,,,-0.235685394,0.01139572,-0.506631955,-0.334621672,1.128755138,-0.334621672,-0.436783743,1.161316535,0.15925471
14.60284145,4.79338843,4.318181818,213.8082529,1.110047847,17.01432016,0.849006085,5.006490872,5.747180527,WhiteBroken,,,,,0.473530992,0.748710663,0.087337397,0.535151986,1.10263842,0.535151986,-0.739676189,1.862698471,0.415107452
12.91304114,4.132231405,4.090909091,162.5223741,1.01010101,12.9331196,0.830712401,4.214459103,4.596411609,WhiteBroken,,,,,-0.336490328,-0.234375928,-0.209647279,-0.431753756,-0.056653648,-0.431753756,-1.006536583,0.423649599,-0.853478433
14.09515409,4.462809917,4.318181818,194.1369569,1.033492823,15.44892816,0.849244444,4.641511111,5.041511111,WhiteBroken,,,,,0.230166384,0.257167368,0.087337397,0.16428403,0.214670027,0.16428403,-0.736199106,1.199563817,-0.362809163
14.4541432,4.628099174,4.318181818,200.6940556,1.071770335,15.9707255,0.852215054,4.868215054,5.136602151,WhiteBroken,,,,,0.402251119,0.502939016,0.087337397,0.287906682,0.658654224,0.287906682,-0.692865135,1.611464028,-0.2579826
25.16969695,3.695980128,11.79411886,369.5393462,0.313374841,29.40700681,0.862514689,4.468437133,5.565358402,WhiteBroken,,,,,5.538850367,-0.883046009,9.856387856,3.471189972,-8.138041187,3.471189972,-0.542618493,0.885104318,0.214670181
13.54391412,3.966942149,4.318181818,189.2191329,0.918660287,15.05758016,0.847015945,4.634806378,5.089749431,WhiteBroken,,,,,-0.034075566,-0.480147576,0.087337397,0.071567041,-1.117282562,0.071567041,-0.768707493,1.187381934,-0.309632152
14.1387067,4.628099174,4.318181818,193.4344106,1.071770335,15.39302131,0.838125,4.819910714,4.937946429,WhiteBroken,,,,,0.251043728,0.502939016,0.087337397,0.151038746,0.658654224,0.151038746,-0.898404779,1.523699486,-0.476976909
13.84131039,4.297520661,4.318181818,191.5609539,0.995215311,15.24393635,0.869369369,4.326756757,5.108378378,WhiteBroken,,,,,0.108484076,0.01139572,0.087337397,0.115717989,-0.229314169,0.115717989,-0.442625359,0.627684107,-0.289095952
11.64382289,3.801652893,3.409090909,130.439427,1.115151515,10.38003979,0.875584416,4.323766234,4.270779221,WhiteBroken,,,,,-0.944901769,-0.725919224,-1.100601308,-1.036621732,1.161836313,-1.036621732,-0.351962938,0.622250602,-1.212449418
11.32838645,3.305785124,4.090909091,128.3317882,0.808080808,10.21231922,0.851655629,4.242781457,4.912450331,WhiteBroken,,,,,-1.09610913,-1.463234168,-0.209647279,-1.076357584,-2.399903575,-1.076357584,-0.701025781,0.475108711,-0.505083325
14.90023769,4.989573173,4.675691048,214.7449813,1.067130638,17.08886264,0.869737374,4.165171717,4.937292929,WhiteBroken,,,,,0.616090613,1.040421382,0.554506353,0.552812365,0.604837979,0.552812365,-0.437257069,0.334098953,-0.477697315
13.73616497,4.628099174,3.863636364,173.0605683,1.197860963,13.77172245,0.865247525,4.516039604,4.46009901,WhiteBroken,,,,,0.05808165,0.502939016,-0.506631955,-0.233074494,2.121190401,-0.233074494,-0.502753055,0.97159363,-1.003746864
14.03356125,4.628099174,4.090909091,184.7696731,1.131313131,14.7035034,0.862750583,4.427972028,5.147226107,WhiteBroken,,,,,0.200641291,0.502939016,-0.209647279,-0.012319758,1.349296307,-0.012319758,-0.539177371,0.811582945,-0.246270951
13.73616491,4.297520661,4.318181818,187.111494,0.995215311,14.88985959,0.889124424,4.103410138,5.08562212,WhiteBroken,,,,,0.058081619,0.01139572,0.087337397,0.031831189,-0.229314169,0.031831189,-0.15444712,0.221883845,-0.314182021
14.75153959,4.628099174,4.772727273,217.5551664,0.96969697,17.31249007,0.837045908,4.590339321,4.561437126,WhiteBroken,,,,,0.544810812,0.502939016,0.681306749,0.605793502,-0.525303634,0.605793502,-0.914146106,1.106589382,-0.892033642
15.93365245,5.123966942,4.772727273,237.9290087,1.073593074,18.93378892,0.853284672,4.328978102,4.210729927,WhiteBroken,,,,,1.111467484,1.240253959,0.681306749,0.989906742,0.679796328,0.989906742,-0.677262012,0.631720087,-1.278646624
15.11052866,4.79338843,4.772727273,228.3275428,1.004329004,18.16972854,0.842590476,4.005485714,3.828038095,WhiteBroken,,,,,0.716895527,0.748710663,0.681306749,0.808887859,-0.123603646,0.808887859,-0.833264333,0.043964174,-1.700518859
15.57466329,4.958677686,4.772727273,237.9290087,1.038961039,18.93378892,0.840877514,5.156416819,3.827934186,WhiteBroken,,,,,0.939382729,0.994482311,0.681306749,0.989906742,0.278096341,0.989906742,-0.858252293,2.135100126,-1.700633406
13.34166628,4.033613445,4.545454545,182.750334,0.887394958,14.54280951,0.855085158,4.449440389,5.636399027,WhiteBroken,,,,,-0.131024927,-0.381012794,0.384322073,-0.050390872,-1.479931839,-0.050390872,-0.650997287,0.850588983,0.292984022
13.2975355,4.148401697,4.130177692,164.6442904,1.004412402,13.10197633,0.877860963,4.404491979,6.355080214,WhiteBroken,,,,,-0.152179424,-0.210332023,-0.158333719,-0.391748727,-0.122636309,-0.391748727,-0.31875365,0.768921855,1.085244567
13.55474875,3.865546218,4.772727273,192.8897185,0.80992397,15.34967609,0.859676674,4.530715935,6.146235566,WhiteBroken,,,,,-0.028881886,-0.630915058,0.681306749,0.140769527,-2.378524584,0.140769527,-0.584018224,0.998259174,0.855018178
10.70712337,3.193277311,3.636363636,115.6372655,0.878151261,9.202121208,0.953533835,3.921954887,5.928120301,WhiteBroken,,,,,-1.393917303,-1.630524113,-0.803616631,-1.315690654,-1.587150291,-1.315690654,0.785129655,-0.107803655,0.614572036
15.05389747,4.93227919,4.437641861,214.8583848,1.111464004,17.097887,0.921908714,4.227883817,6.034356846,WhiteBroken,,,,,0.689748844,0.9552299,0.243439727,0.554950391,1.119064547,0.554950391,0.323795996,0.448041071,0.731685194
13.96263409,4.369747899,4.545454545,197.9594107,0.961344538,15.75310937,0.905135135,4.355855856,5.260540541,WhiteBroken,,,,,0.166641705,0.118791734,0.384322073,0.236349726,-0.622184219,0.236349726,0.079110247,0.680554493,-0.121355263
9.784811565,2.68907563,3.409090909,96.56556621,0.788795518,7.684443597,0.893333333,4.281244444,5.524444444,WhiteBroken,,,,,-1.836035949,-2.380230904,-1.100601308,-1.675254261,-2.623595332,-1.675254261,-0.093049361,0.544992422,0.169567408
14.11330603,4.783277133,4.312196809,194.0967881,1.109243697,15.44573163,0.860917431,4.112018349,5.08412844,WhiteBroken,,,,,0.238867686,0.73367599,0.079516591,0.163526717,1.093311021,0.163526717,-0.565918597,0.237524172,-0.315828625
12.25040288,3.877402351,3.7637489,139.7786571,1.030196874,11.12323211,0.911097179,3.580815047,7.376551724,WhiteBroken,,,,,-0.654132076,-0.613285955,-0.637158157,-0.860546847,0.176440027,-0.860546847,0.166081974,-0.727623366,2.211295436
14.2822577,4.705882353,4.090909091,189.9927515,1.150326797,15.11914278,0.891748252,4.141538462,5.925594406,WhiteBroken,,,,,0.31985622,0.618596262,-0.209647279,0.08615227,1.569837477,0.08615227,-0.116171849,0.291159501,0.611787537
15.41765192,5.042016807,4.318181818,216.3068683,1.167624945,17.21315366,0.881316872,4.525925926,5.51037037,WhiteBroken,,,,,0.864117887,1.118400789,0.087337397,0.582259019,1.770480195,0.582259019,-0.268340323,0.989556167,0.154052415
14.79668415,4.705882353,4.545454545,217.03111,1.035294118,17.27078698,0.836872428,4.49563786,4.752921811,WhiteBroken,,,,,0.566451275,0.618596262,0.384322073,0.595913334,0.235563401,0.595913334,-0.91667676,0.934525538,-0.680944548
11.54117352,3.697478992,3.409090909,132.2948257,1.084593838,10.52768773,0.878679868,3.948646865,6.071023102,WhiteBroken,,,,,-0.994107691,-0.880817321,-1.100601308,-1.001641428,0.807395148,-1.001641428,-0.30680781,-0.059306787,0.772105381
14.79668415,4.705882353,4.545454545,218.4795935,1.035294118,17.38605364,0.904212679,4.75402863,6.154846626,WhiteBroken,,,,,0.566451275,0.618596262,0.384322073,0.623221962,0.235563401,0.623221962,0.065653853,1.403997799,0.864510847
14.90322542,5.042016807,4.090909091,209.5472787,1.232492997,16.67524261,0.840679406,3.974861996,4.225392781,WhiteBroken,,,,,0.617522811,1.118400789,-0.209647279,0.454818754,2.522890388,0.454818754,-0.86114221,-0.011676306,-1.26248257
12.57002652,3.720326659,4.312196809,155.4705616,0.862745098,12.37195419,0.886345609,4.241586402,5.177790368,WhiteBroken,,,,,-0.50091754,-0.846844703,0.079516591,-0.564703373,-1.765847712,-0.564703373,-0.194983276,0.472937407,-0.212577487
13.9185032,4.201680672,4.545454545,194.338202,0.924369748,15.46494274,0.869016018,4.423157895,5.450800915,WhiteBroken,,,,,0.145487157,-0.13111053,0.384322073,0.168078155,-1.051058029,0.168078155,-0.447779892,0.802836107,0.088384175
13.49233833,4.246816393,4.421608286,180.3361949,0.960468707,14.35069842,0.863152709,4.606896552,5.286403941,WhiteBroken,,,,,-0.058798894,-0.063997393,0.222488131,-0.095905252,-0.632343058,-0.095905252,-0.533311321,1.136672347,-0.09284394
13.76783115,4.201680672,4.318181818,190.4755793,0.973020787,15.157565,0.828904429,4.3204662,5.048857809,WhiteBroken,,,,,0.073261124,-0.13111053,0.087337397,0.095255146,-0.486750384,0.095255146,-1.032910503,0.616254745,-0.354710302
14.69014293,4.705882353,4.545454545,210.5129343,1.035294118,16.75208704,0.818813559,4.328559322,5.030084746,WhiteBroken,,,,,0.51537976,0.618596262,0.384322073,0.473024506,0.235563401,0.473024506,-1.180111768,0.630959202,-0.375405372
14.64601213,4.705882353,4.318181818,210.2715204,1.089783282,16.73287593,0.854322034,4.565932203,5.070677966,WhiteBroken,,,,,0.494225253,0.618596262,0.087337397,0.468473068,0.867587963,0.468473068,-0.662129416,1.062243894,-0.330656173
16.65958738,5.042016807,5.454545455,281.0057977,0.924369748,22.36173087,0.773483146,4.636147673,4.604365971,WhiteBroken,,,,,1.459451068,1.118400789,1.572260777,1.802044421,-1.051058029,1.802044421,-1.841372337,1.189818942,-0.844709695
13.87437242,3.697478992,4.772727273,175.7493305,0.774709884,13.98568735,0.814536341,4.349373434,4.395989975,WhiteBroken,,,,,0.12433266,-0.880817321,0.681306749,-0.182382576,-2.786975831,-0.182382576,-1.242505991,0.668776528,-1.074419451
14.64601215,4.705882353,4.318181818,201.5806195,1.089783282,16.04127601,0.840528634,4.626960352,5.884933921,WhiteBroken,,,,,0.494225263,0.618596262,0.087337397,0.304621297,0.867587963,0.304621297,-0.863341595,1.173126427,0.566964187
13.19099429,4.033613445,4.318181818,179.8533671,0.934099956,14.3122762,0.85362963,4.547259259,4.515061728,WhiteBroken,,,,,-0.203250929,-0.381012794,0.087337397,-0.105008128,-0.9381965,-0.105008128,-0.672229911,1.028316872,-0.943157003
14.3705193,3.565244275,6.106831292,203.9947586,0.583812472,16.2333871,0.80428884,4.853041575,4.421619256,WhiteBroken,,,,,0.362165234,-1.077439564,2.424623929,0.350135678,-5.001211542,0.350135678,-1.391992122,1.583895214,-1.046166217
15.52419313,4.705882353,5,233.4472563,0.941176471,18.5771424,0.851034483,4.955632184,4.543754789,WhiteBroken,,,,,0.915189392,0.618596262,0.978291425,0.905411122,-0.856115388,0.905411122,-0.710086797,1.770292913,-0.911526315
14.49534008,4.537815126,4.318181818,201.0977916,1.05086245,16.00285379,0.838675497,4.629403974,4.372538631,WhiteBroken,,,,,0.42199922,0.368693998,0.087337397,0.295518421,0.416141848,0.295518421,-0.89037437,1.177566262,-1.100271769
13.08445305,4.369747899,3.863636364,165.609946,1.130993574,13.17882077,0.838186667,4.373973333,4.314346667,WhiteBroken,,,,,-0.254322454,0.118791734,-0.506631955,-0.373542974,1.345589733,-0.373542974,-0.897505212,0.713472284,-1.16442149
13.91850324,4.705882353,3.863636364,180.3361949,1.21799308,14.35069842,0.870392157,4.458529412,4.512156863,WhiteBroken,,,,,0.145487178,0.618596262,-0.506631955,-0.095905252,2.35470458,-0.095905252,-0.427705375,0.8671029,-0.946359272
14.17571645,4.201680672,4.772727273,205.684656,0.880352141,16.36786486,0.851626898,4.381171367,4.174924078,WhiteBroken,,,,,0.268784695,-0.13111053,0.681306749,0.381995745,-1.561622088,0.381995745,-0.701444898,0.726550448,-1.318118314
10.58182676,3.389830508,3.181818182,107.3110734,1.065375303,8.539543894,0.889638554,3.278714859,5.6237751,WhiteSmall,,,,,-1.453979384,-1.338265533,-1.397585984,-1.472666475,0.584477687,-1.472666475,-0.146947209,-1.276511619,0.279067644
10.94645562,3.389830508,3.409090909,115.0278248,0.994350282,9.153623455,0.881203008,2.939548872,5.67112782,WhiteSmall,,,,,-1.279191186,-1.338265533,-1.100601308,-1.327180596,-0.23934771,-1.327180596,-0.270001336,-1.892745021,0.331268386
10.21719785,3.220338983,3.181818182,99.5943221,1.012106538,7.925464333,0.989137931,3.037758621,6.462586207,WhiteSmall,,,,,-1.628767604,-1.590285613,-1.397585984,-1.618152355,-0.033391361,-1.618152355,1.304506899,-1.714306941,1.20375714
10.36823209,3.389830508,2.954545455,101.041213,1.147327249,8.040604251,0.879489362,3.656680851,5.871659574,WhiteSmall,,,,,-1.556367955,-1.338265533,-1.69457066,-1.590873752,1.535045454,-1.590873752,-0.294999264,-0.589782178,0.552330799
11.09748983,3.49415731,3.528221522,114.0632309,0.990345217,9.07686351,0.981666667,3.085151515,6.678333333,WhiteSmall,,,,,-1.206791548,-1.183140085,-0.944929455,-1.345366331,-0.28580281,-1.345366331,1.195519308,-1.628198411,1.441592691
9.336905942,2.881355932,2.954545455,84.1608194,0.975228162,6.697305211,0.817575758,4.576565657,5.412929293,WhiteSmall,,,,,-2.050743628,-2.094325772,-1.69457066,-1.909124114,-0.461146856,-1.909124114,-1.198168288,1.0815639,0.046635215
10.3239952,3.220338983,3.181818182,106.587628,1.012106538,8.481973935,0.862672065,3.791255061,5.725020243,WhiteSmall,,,,,-1.577573313,-1.590285613,-1.397585984,-1.486305776,-0.033391361,-1.486305776,-0.540322757,-0.345273218,0.390678374
9.230108595,2.881355932,2.954545455,86.33115572,0.975228162,6.870015088,0.966930693,3.240990099,6.434257426,WhiteSmall,,,,,-2.101937919,-2.094325772,-1.69457066,-1.86820621,-0.461146856,-1.86820621,0.980557264,-1.345054039,1.172528027
10.21719783,3.220338983,3.181818182,103.4526978,1.012106538,8.232504113,0.913333333,3.22,6.110833333,WhiteSmall,,,,,-1.628767614,-1.590285613,-1.397585984,-1.545409415,-0.033391361,-1.545409415,0.198702036,-1.383191118,0.815991426
10.79542139,3.220338983,3.409090909,117.9216066,0.944632768,9.38390329,0.9625,3.238529412,5.814852941,WhiteSmall,,,,,-1.351590834,-1.590285613,-1.100601308,-1.272623391,-0.816025489,-1.272623391,0.91592422,-1.349524881,0.489708241
10.68862406,3.389830508,3.181818182,112.8574885,1.065375303,8.980913578,0.955249042,3.393716475,5.945287356,WhiteSmall,,,,,-1.402785115,-1.338265533,-1.397585984,-1.368098499,0.584477687,-1.368098499,0.810150365,-1.067564262,0.633496673
9.336905921,2.881355932,2.954545455,88.98378899,0.975228162,7.081104937,0.906923077,3.199423077,5.653846154,WhiteSmall,,,,,-2.050743639,-2.094325772,-1.69457066,-1.818195439,-0.461146856,-1.818195439,0.105191973,-1.420577494,0.312217405
10.5192663,3.260234587,3.214121733,98.14743122,1.014346953,7.810324415,0.951965066,3.462882096,6.192489083,WhiteSmall,,,,,-1.483968317,-1.530964103,-1.355373881,-1.645430957,-0.007404585,-1.645430957,0.762245127,-0.94189669,0.90600718
9.701534804,3.050847458,2.954545455,90.43067987,1.032594524,7.196244854,1.130943396,2.449622642,6.019245283,WhiteSmall,,,,,-1.87595543,-1.842305692,-1.69457066,-1.790916837,0.204250581,-1.790916837,3.373104025,-2.782895917,0.715026492
11.56891602,3.728813559,3.409090909,129.7378821,1.093785311,10.32421262,0.965771812,3.636107383,6.534899329,WhiteSmall,,,,,-0.980809069,-0.834225374,-1.100601308,-1.049848138,0.914007846,-1.049848138,0.963652007,-0.627162278,1.283473758
11.3553213,3.728813559,3.409090909,124.4326155,1.093785311,9.90203292,0.955104895,3.590769231,5.685734266,WhiteSmall,,,,,-1.083197661,-0.834225374,-1.100601308,-1.14986968,0.914007846,-1.14986968,0.80804761,-0.70953753,0.347370256
9.852568993,3.050847458,3.181818182,92.84216467,0.958837772,7.388144717,0.880737327,3.399631336,5.740460829,WhiteSmall,,,,,-1.803555802,-1.842305692,-1.397585984,-1.745452499,-0.651260409,-1.745452499,-0.27679448,-1.056817503,0.407699785
10.79542139,3.389830508,3.181818182,114.5455278,1.065375303,9.115243482,0.884075472,3.77645283,5.555924528,WhiteSmall,,,,,-1.351590834,-1.338265533,-1.397585984,-1.336273463,0.584477687,-1.336273463,-0.228099064,-0.372167509,0.204270457
9.594737479,2.881355932,3.181818182,92.60101619,0.905569007,7.368954731,0.885185185,3.249259259,5.215925926,WhiteSmall,,,,,-1.92714971,-2.094325772,-1.397585984,-1.749998933,-1.269129458,-1.749998933,-0.211911041,-1.330029735,-0.17053757
8.349816683,2.711864407,2.5,67.5215743,1.084745763,5.373196158,0.771677019,4.406956522,4.57515528,WhiteSmall,,,,,-2.523913944,-2.346345852,-2.288540012,-2.222828042,0.809157341,-2.222828042,-1.867719347,0.773399703,-0.876911009
9.70153476,3.050847458,2.954545455,95.73594642,1.032594524,7.618424552,0.852735426,4.78206278,5.492017937,WhiteSmall,,,,,-1.875955451,-1.842305692,-1.69457066,-1.690895294,0.204250581,-1.690895294,-0.685274169,1.454933272,0.13382104
10.73286095,3.389830508,3.409090909,110.6871522,0.994350282,8.808203702,0.9134375,3.68078125,5.56984375,WhiteSmall,,,,,-1.381579757,-1.338265533,-1.100601308,-1.409016403,-0.23934771,-1.409016403,0.200221575,-0.54599397,0.219614744
9.336905921,3.050847458,2.727272727,88.50149203,1.118644068,7.042724964,0.811400966,4.99942029,5.620869565,WhiteSmall,,,,,-2.050743639,-1.842305692,-1.991555336,-1.827288307,1.202346736,-1.827288307,-1.288243488,1.849851873,0.275864637
10.11040057,3.050847458,3.409090909,101.2823615,0.894915254,8.059794237,0.900595745,3.678297872,5.209191489,WhiteSmall,,,,,-1.679961863,-1.842305692,-1.100601308,-1.586327319,-1.392703267,-1.586327319,0.012891572,-0.550506039,-0.177961486
10.67030049,2.636669354,4.178358252,107.7933704,0.631029987,8.577923866,0.875662651,3.920160643,5.45124498,WhiteSmall,,,,,-1.411568689,-2.458154765,-0.095374611,-1.463573608,-4.453531476,-1.463573608,-0.350821679,-0.111063633,0.088873703
10.73286093,3.220338983,3.636363636,114.0632309,0.88559322,9.07686351,0.831026616,3.393307985,5.325019011,WhiteSmall,,,,,-1.381579767,-1.590285613,-0.803616631,-1.345366331,-1.500830351,-1.345366331,-1.001952951,-1.068306451,-0.050275416
10.21719785,3.220338983,3.181818182,102.4881039,1.012106538,8.155744168,0.868907563,3.814453782,5.281512605,WhiteSmall,,,,,-1.628767604,-1.590285613,-1.397585984,-1.56359515,-0.033391361,-1.56359515,-0.449361991,-0.303123276,-0.098236056
10.68862404,3.389830508,3.181818182,112.3751915,1.065375303,8.942533606,0.857538462,3.958307692,4.693846154,WhiteSmall,,,,,-1.402785125,-1.338265533,-1.397585984,-1.377191367,0.584477687,-1.377191367,-0.615209553,-0.041753952,-0.746068434
10.68862408,3.389830508,3.181818182,109.4814098,1.065375303,8.71225377,0.87480315,3.37496063,5.42992126,WhiteSmall,,,,,-1.402785104,-1.338265533,-1.397585984,-1.431748572,0.584477687,-1.431748572,-0.36335971,-1.101641907,0.065366838
10.73286093,3.389830508,3.409090909,115.5101218,0.994350282,9.192003427,0.923308271,3.555338346,5.403909774,WhiteSmall,,,,,-1.381579767,-1.338265533,-1.100601308,-1.318087728,-0.23934771,-1.318087728,0.344212131,-0.773912189,0.036692268
10.68862408,3.220338983,3.409090909,111.8928946,0.944632768,8.904153633,0.820540541,4.052355212,5.14980695,WhiteSmall,,,,,-1.402785104,-1.590285613,-1.100601308,-1.386284234,-0.816025489,-1.386284234,-1.154919309,0.129121741,-0.243425879
10.83965827,3.389830508,3.409090909,119.1273489,0.994350282,9.479853221,0.819562044,3.721459854,4.735328467,WhiteSmall,,,,,-1.330385477,-1.338265533,-1.100601308,-1.249891222,-0.23934771,-1.249891222,-1.169193199,-0.472084689,-0.700339117
10.9464556,3.389830508,3.409090909,121.2976853,0.994350282,9.652563098,0.933189964,3.244444444,5.490609319,WhiteSmall,,,,,-1.279191196,-1.338265533,-1.100601308,-1.208973318,-0.23934771,-1.208973318,0.488362025,-1.338777811,0.132268206
10.83965825,3.559322034,3.181818182,116.7158642,1.118644068,9.287953359,0.903643123,3.518215613,4.706914498,WhiteSmall,,,,,-1.330385487,-1.086245454,-1.397585984,-1.295355559,1.202346736,-1.295355559,0.057345411,-0.841360779,-0.731662139
10.3239952,3.220338983,3.181818182,108.0345189,1.012106538,8.597113853,0.8792,3.4968,4.47024,WhiteSmall,,,,,-1.577573313,-1.590285613,-1.397585984,-1.459027174,-0.033391361,-1.459027174,-0.299220348,-0.880270979,-0.992567628
10.3239952,3.220338983,3.181818182,108.0345189,1.012106538,8.597113853,0.86672,3.71952,4.44304,WhiteSmall,,,,,-1.577573313,-1.590285613,-1.397585984,-1.459027174,-0.033391361,-1.459027174,-0.481273219,-0.475609225,-1.022552394
10.94645553,3.389830508,3.409090909,123.7091701,0.994350282,9.844462961,0.908873239,3.742112676,4.652394366,WhiteSmall,,,,,-1.279191228,-1.338265533,-1.100601308,-1.163508981,-0.23934771,-1.163508981,0.133640105,-0.434560411,-0.791764101
12.82874748,4.201680672,3.820224719,161.7948489,1.099851705,12.87522498,0.867774799,2.936300268,4.141769437,WhiteDarker,,,,,-0.376897269,-0.13111053,-0.563359365,-0.445469973,0.984372487,-0.445469973,-0.465886266,-1.898647435,-1.354667363
15.29244718,4.87394958,4.719101124,229.6443017,1.032813125,18.27451288,0.74651341,2.690957854,4.144827586,WhiteDarker,,,,,0.80409984,0.868498525,0.611231713,0.833713049,0.206786154,0.833713049,-2.234795246,-2.344412034,-1.351296117
13.55034843,4.201680672,4.269662921,179.3503017,0.984077842,14.27224353,0.828640777,2.965339806,3.920485437,WhiteDarker,,,,,-0.030991219,-0.13111053,0.023936174,-0.114492548,-0.358498647,-0.114492548,-1.036756548,-1.845885266,-1.598606659
11.8520221,3.697478992,3.820224719,139.731915,0.967869501,11.11951249,0.831358025,2.425185185,3.805308642,WhiteDarker,,,,,-0.845099564,-0.880817321,-0.563359365,-0.861428089,-0.546500605,-0.861428089,-0.997118504,-2.827296527,-1.725575379
12.67929906,4.033613445,3.820224719,158.473547,1.055857637,12.61092418,0.815628415,3.030601093,4.235846995,WhiteDarker,,,,,-0.448536744,-0.381012794,-0.563359365,-0.508087324,0.474081456,-0.508087324,-1.226575279,-1.727311511,-1.250958043
12.97819594,4.215104606,4.051181208,159.4224904,1.040463112,12.68643869,0.882173913,2.329782609,3.664673913,WhiteDarker,,,,,-0.305257775,-0.111150234,-0.261560997,-0.490196652,0.295519014,-0.490196652,-0.255838184,-3.000634234,-1.880608443
12.31849855,3.865546218,3.820224719,152.305415,1.011863569,12.12007982,0.840681818,3.054659091,4.269772727,WhiteDarker,,,,,-0.621489789,-0.630915058,-0.563359365,-0.624376689,-0.036209575,-0.624376689,-0.861107015,-1.683600341,-1.213558957
11.29800074,3.697478992,3.146067416,123.3626414,1.175270108,9.816887085,0.84567474,1.865743945,3.206643599,WhiteDarker,,,,,-1.110674799,-0.880817321,-1.444302674,-1.170042174,1.859157111,-1.170042174,-0.788272412,-3.843749803,-2.385532397
12.21282251,3.865546218,3.820224719,149.2213489,1.011863569,11.87465765,0.82573913,2.948637681,4.315362319,WhiteDarker,,,,,-0.67214657,-0.630915058,-0.563359365,-0.682521372,-0.036209575,-0.682521372,-1.079084516,-1.876231491,-1.163301854
11.80824968,3.697478992,3.595505618,137.5967923,1.028361345,10.94960483,0.849125,3.4575,4.813125,WhiteDarker,,,,,-0.866082279,-0.880817321,-0.857007135,-0.9016821,0.155149562,-0.9016821,-0.737941511,-0.951675464,-0.614577691
12.06337411,3.865546218,3.595505618,144.0021602,1.075105042,11.45932781,0.918323353,2.387305389,3.662275449,WhiteDarker,,,,,-0.743786034,-0.630915058,-0.857007135,-0.780920066,0.697333782,-0.780920066,0.271494301,-2.896120632,-1.883252465
11.85202208,3.697478992,3.820224719,141.6298018,0.967869501,11.27054152,0.892195122,2.553170732,4.037560976,WhiteDarker,,,,,-0.845099575,-0.880817321,-0.563359365,-0.825646745,-0.546500605,-0.825646745,-0.109653099,-2.594758562,-1.4695448
12.57362303,4.033613445,3.820224719,156.3384244,1.055857637,12.44101652,0.825041551,3.601440443,4.230249307,WhiteDarker,,,,,-0.499193524,-0.381012794,-0.563359365,-0.548341335,0.474081456,-0.548341335,-1.089260501,-0.690148918,-1.257128828
12.21282253,3.865546218,3.820224719,142.5787451,1.011863569,11.34605604,0.888700906,2.890996979,4.311782477,WhiteDarker,,,,,-0.67214656,-0.630915058,-0.563359365,-0.807756074,-0.036209575,-0.807756074,-0.160625213,-1.980959345,-1.167248204
12.36227101,3.865546218,4.04494382,147.3234621,0.955648926,11.72362862,0.772785924,3.544281525,4.015249267,WhiteDarker,,,,,-0.600507055,-0.630915058,-0.269711596,-0.718302715,-0.688248114,-0.718302715,-1.851543116,-0.794001415,-1.494140805
9.898571254,3.025210084,3.146067416,91.3358018,0.961584634,7.268272169,0.580460829,2.225253456,3.245529954,WhiteDarker,,,,,-1.781504196,-1.880426377,-1.444302674,-1.773852342,-0.619399324,-1.773852342,-4.65709886,-3.190554089,-2.342664815
10.93720027,3.529411765,3.146067416,120.0413395,1.121848739,9.552586279,0.830320285,3.388185053,4.695373665,WhiteDarker,,,,,-1.283627824,-1.130719585,-1.444302674,-1.232659525,1.239518002,-1.232659525,-1.012256608,-1.077614346,-0.744384535
11.80824963,3.697478992,3.595505618,135.6989055,1.028361345,10.79857579,0.844683544,3.669367089,5.207721519,WhiteDarker,,,,,-0.866082299,-0.880817321,-0.857007135,-0.937463443,0.155149562,-0.937463443,-0.802731556,-0.566732452,-0.179581953
12.67929906,3.865546218,4.04494382,164.1672074,0.955648926,13.06401128,0.751322751,4.017142857,4.359047619,WhiteDarker,,,,,-0.448536744,-0.630915058,-0.269711596,-0.400743294,-0.688248114,-0.400743294,-2.164638643,0.06514413,-1.115144006
12.67929902,4.033613445,3.820224719,157.0501319,1.055857637,12.4976524,0.812341598,3.943140496,4.109090909,WhiteDarker,,,,,-0.448536764,-0.381012794,-0.563359365,-0.534923331,0.474081456,-0.534923331,-1.274521959,-0.069311353,-1.390691554
15.65324767,5.210084034,4.494382022,237.7103205,1.159243697,18.91638627,0.836444444,3.478444444,4.092148148,WhiteDarker,,,,,0.977052876,1.368303053,0.317583943,0.985783758,1.673265378,0.985783758,-0.92292,-0.913621335,-1.409368933
10.83152427,3.529411765,3.146067416,113.6359716,1.121848739,9.042863296,0.797902622,3.590861423,4.053782772,WhiteDarker,,,,,-1.334284584,-1.130719585,-1.444302674,-1.353421559,1.239518002,-1.353421559,-1.485151531,-0.709370025,-1.451662199
12.42417461,3.865546218,3.820224719,152.0681791,1.011863569,12.1012012,0.848522727,3.932613636,4.136704545,WhiteDarker,,,,,-0.570832999,-0.630915058,-0.563359365,-0.628849357,-0.036209575,-0.628849357,-0.746727206,-0.088437689,-1.360250804
10.98097267,3.361344538,3.595505618,120.7530471,0.93487395,9.609222166,0.868510638,3.423687943,4.267943262,WhiteDarker,,,,,-1.26264512,-1.380621849,-0.857007135,-1.219241521,-0.929218878,-1.219241521,-0.455152158,-1.013108861,-1.215575725
10.83152423,3.361344538,3.370786517,120.7530471,0.99719888,9.609222166,0.820425532,3.702269504,4.263687943,WhiteDarker,,,,,-1.334284604,-1.380621849,-1.150654905,-1.219241521,-0.206306585,-1.219241521,-1.156597005,-0.50695179,-1.220266708
11.55312518,3.529411765,3.595505618,134.0382546,0.981617647,10.66642539,0.921923077,3.147820513,4.011538462,WhiteDarker,,,,,-0.988378554,-1.130719585,-0.857007135,-0.968772118,-0.387034658,-0.968772118,0.32400552,-1.514334607,-1.498231527
12.52985056,3.865546218,3.820224719,159.8969621,1.011863569,12.72419595,0.966720867,2.408888889,4.049214092,WhiteDarker,,,,,-0.520176259,-0.630915058,-0.563359365,-0.481251316,-0.036209575,-0.481251316,0.977496415,-2.856905399,-1.456698624
13.80547288,4.369747899,4.269662921,192.8727451,1.023440955,15.34832539,0.823945578,3.488344671,3.579863946,WhiteDarker,,,,,0.091305036,0.118791734,0.023936174,0.140449523,0.098077539,0.140449523,-1.105248084,-0.895633533,-1.974101347
12.67929904,3.670643642,4.26374516,151.8309433,0.860896584,12.08232257,0.836363636,3.698522727,3.3875,WhiteDarker,,,,,-0.448536754,-0.920719299,0.016203242,-0.633322025,-1.787288792,-0.633322025,-0.924098794,-0.513759338,-2.186159722
11.23609715,3.529411765,3.595505618,124.3115848,0.981617647,9.892401601,0.838344828,3.389931034,3.196551724,WhiteDarker,,,,,-1.140348855,-1.130719585,-0.857007135,-1.152151503,-0.387034658,-1.152151503,-0.895198028,-1.074442059,-2.396657489
11.85202208,3.697478992,3.820224719,140.6808584,0.967869501,11.195027,0.848834356,3.18601227,3.320736196,WhiteDarker,,,,,-0.845099575,-0.880817321,-0.563359365,-0.843537417,-0.546500605,-0.843537417,-0.742181303,-1.444943697,-2.259758876
11.59689758,3.697478992,3.595505618,135.6989055,1.028361345,10.79857579,0.899301587,3.324190476,4.370285714,WhiteDarker,,,,,-0.96739585,-0.880817321,-0.857007135,-0.937463443,0.155149562,-0.937463443,-0.005987039,-1.193886606,-1.102755342
11.70257364,3.697478992,3.595505618,138.3084999,1.028361345,11.00624071,0.935700935,3.215700935,3.682990654,WhiteDarker,,,,,-0.916739059,-0.880817321,-0.857007135,-0.888264096,0.155149562,-0.888264096,0.524990981,-1.391002124,-1.860416414
12.74450626,4.033613445,4.04494382,160.4447636,0.99719888,12.76778861,0.772972973,4.039027027,5.187135135,WhiteDarker,,,,,-0.417279076,-0.381012794,-0.269711596,-0.470923475,-0.206306585,-0.470923475,-1.848814523,0.104905654,-0.202275993
11.61643513,3.697478992,3.595505618,130.8205458,1.028361345,10.41036826,0.876459016,3.277114754,5.285508197,WhiteDarker,,,,,-0.958030347,-0.880817321,-0.857007135,-1.029436402,0.155149562,-1.029436402,-0.339204637,-1.279418863,-0.093831391
12.33925179,4.033613445,3.595505618,149.3060577,1.121848739,11.88139856,0.765895954,3.588323699,4.640809249,WhiteDarker,,,,,-0.611541532,-0.381012794,-0.857007135,-0.680924336,1.239518002,-0.680924336,-1.952051035,-0.713980835,-0.804535316
10.63806424,3.193277311,3.595505618,113.0460151,0.888130252,8.995916051,0.880301887,2.978867925,4.157132075,WhiteDarker,,,,,-1.427021431,-1.630524113,-0.857007135,-1.364544159,-1.471403098,-1.364544159,-0.283146497,-1.821305919,-1.337731881
10.48836398,3.361344538,3.146067416,106.4101903,1.068427371,8.467853893,0.827091633,3.075059761,4.274422311,WhiteDarker,,,,,-1.498781629,-1.380621849,-1.444302674,-1.489651054,0.619878893,-1.489651054,-1.059354784,-1.6465342,-1.208433345
10.48836402,3.193277311,3.370786517,111.1500652,0.947338936,8.845041149,0.941609195,3.131494253,4.915708812,WhiteDarker,,,,,-1.498781608,-1.630524113,-1.150654905,-1.400288986,-0.78463642,-1.400288986,0.611178149,-1.543997919,-0.501491237
10.74391831,3.193277311,3.595505618,118.9708587,0.888130252,9.467400121,0.884748201,2.945323741,3.87352518,WhiteDarker,,,,,-1.376279308,-1.630524113,-0.857007135,-1.252841573,-1.471403098,-1.252841573,-0.218285572,-1.882252615,-1.650374758
11.61643513,3.697478992,3.595505618,132.7164957,1.028361345,10.56124316,0.760517799,3.726860841,4.049708738,WhiteDarker,,,,,-0.958030347,-0.880817321,-0.857007135,-0.993691575,0.155149562,-0.993691575,-2.030505238,-0.462271591,-1.456153336
10.95562639,3.361344538,3.370786517,118.0228837,0.99719888,9.39196267,0.814584838,3.46700361,4.547436823,WhiteDarker,,,,,-1.274795093,-1.380621849,-1.150654905,-1.270713987,-0.206306585,-1.270713987,-1.241798542,-0.934408278,-0.907467311
10.8497723,3.193277311,3.595505618,120.6298149,0.888130252,9.59941566,0.854468085,3.787659574,5.027659574,WhiteDarker,,,,,-1.325537226,-1.630524113,-0.857007135,-1.221564849,-1.471403098,-1.221564849,-0.659998883,-0.351805886,-0.378078834
11.57258896,3.529411765,3.595505618,133.427477,0.981617647,10.61782125,0.812090032,4.000900322,4.571575563,WhiteDarker,,,,,-0.979048411,-1.130719585,-0.857007135,-0.980287265,-0.387034658,-0.980287265,-1.27819169,0.035632937,-0.880857221
12.59480606,3.865546218,4.04494382,151.4390014,0.955648926,12.05113282,0.878632479,3.784273504,5.344159544,WhiteDarker,,,,,-0.489039243,-0.630915058,-0.269711596,-0.640711405,-0.688248114,-0.640711405,-0.307499105,-0.357958064,-0.029175255
11.97784345,3.865546218,3.595505618,140.3002955,1.075105042,11.16474277,0.784662577,3.363803681,3.583190184,WhiteDarker,,,,,-0.784785945,-0.630915058,-0.857007135,-0.850712266,0.697333782,-0.850712266,-1.678291612,-1.121913057,-1.970434565
11.51058106,3.697478992,3.595505618,128.6876021,1.028361345,10.240634,0.780666667,4.1168,4.9072,WhiteDarker,,,,,-1.00877247,-0.880817321,-0.857007135,-1.069649333,0.155149562,-1.069649333,-1.736582229,0.246211992,-0.510871191
11.10532655,3.361344538,3.595505618,125.132696,0.93487395,9.957743553,0.728493151,3.371917808,3.744794521,WhiteDarker,,,,,-1.203034947,-1.380621849,-0.857007135,-1.136670884,-0.929218878,-1.136670884,-2.497667037,-1.107170434,-1.792285001
11.87198938,3.865546218,3.595505618,139.5893143,1.075105042,11.10816468,0.808024691,3.515555556,4.055432099,WhiteDarker,,,,,-0.835528068,-0.630915058,-0.857007135,-0.864116576,0.697333782,-0.864116576,-1.337495133,-0.846193859,-1.449844012
13.72287717,4.201680672,4.494382022,187.2250565,0.93487395,14.8988966,0.695757576,4.044195804,4.280559441,WhiteDarker,,,,,0.051712018,-0.13111053,0.317583943,0.03397221,-0.929218878,0.03397221,-2.975199522,0.114296847,-1.201667889
13.10591458,4.201680672,4.04494382,167.0805884,1.038748833,13.29585077,0.854233766,3.932363636,5.455792208,WhiteDarker,,,,,-0.244034674,-0.13111053,-0.269711596,-0.34581658,0.275634944,-0.34581658,-0.663417026,-0.088891916,0.093886481
15.57376493,5.042016807,4.719101124,243.3925734,1.068427371,19.36856559,0.812681159,4.123695652,4.27557971,WhiteDarker,,,,,0.938952094,1.118400789,0.611231713,1.09291272,0.619878893,1.09291272,-1.26956858,0.258740758,-1.207157449
11.8719894,3.697478992,3.820224719,137.2193768,0.967869501,10.91957106,0.802257053,4.008025078,4.722758621,WhiteDarker,,,,,-0.835528058,-0.880817321,-0.563359365,-0.90879761,-0.546500605,-0.90879761,-1.421630956,0.048577965,-0.714195878
12.74450628,4.033613445,4.04494382,161.3927386,0.99719888,12.84322606,0.770322581,4.313978495,4.197311828,WhiteDarker,,,,,-0.417279066,-0.381012794,-0.269711596,-0.453051062,-0.206306585,-0.453051062,-1.887477306,0.60446718,-1.293438482
11.25502681,3.529411765,3.595505618,125.6066835,0.981617647,9.995462279,0.760819113,3.43112628,3.3221843,WhiteDarker,,,,,-1.13127475,-1.130719585,-0.857007135,-1.127734678,-0.387034658,-1.127734678,-2.026109809,-0.999594087,-2.258162513
12.48895199,4.033613445,3.820224719,155.467895,1.055857637,12.37174199,0.832980501,3.445125348,4.386740947,WhiteDarker,,,,,-0.539781366,-0.381012794,-0.563359365,-0.564753647,0.474081456,-0.564753647,-0.973450511,-0.974159068,-1.084615405
9.76554738,3.193277311,2.921348315,91.7165783,1.093083387,7.2985734,0.778899083,3.086972477,3.265137615,WhiteDarker,,,,,-1.845270413,-1.630524113,-1.737950444,-1.766673466,0.905866174,-1.766673466,-1.762366985,-1.624889891,-2.3210497
12.33925177,3.865546218,3.820224719,153.5719451,1.011863569,12.22086709,0.76056338,4.504450704,4.310873239,WhiteDarker,,,,,-0.611541543,-0.630915058,-0.563359365,-0.600498475,-0.036209575,-0.600498475,-2.029840323,0.950537665,-1.16825053
13.97843146,4.369747899,4.494382022,194.097875,0.972268908,15.44581813,0.789369369,3.762972973,3.357477477,WhiteDarker,,,,,0.174214318,0.118791734,0.317583943,0.16354721,-0.495471502,0.16354721,-1.609630945,-0.39665917,-2.219255983
